id_cliente,nome,cidade,bairro,data_cadastro,email
26225,Sra. Isabelly Câmara,São José dos Campos,Colégio Batista,2022-01-12,rochazoe@example.org
33326,Caleb Cunha,São José dos Campos,Centro,2021-06-29,mirellapereira@example.org
750800,Ísis Leão,São José dos Campos,Estrela,2021-03-04,rpastor@example.org
167414,Sra. Manuela da Mota,São José dos Campos,Conjunto Califórnia Ii,2023-05-06,barbaracaldeira@example.org
376417,Dr. Augusto Siqueira,São José dos Campos,Pindorama,2019-03-06,garciaemanuel@example.net
659176,Maria Cecília Oliveira,São José dos Campos,Das Industrias I,2018-03-22,aparecidarafael@example.com
896865,Carlos Eduardo Garcia,São José dos Campos,Itatiaia,2025-11-01,xporto@example.org
219684,Juliana Sampaio,São José dos Campos,Centro,2019-01-26,pereiraluigi@example.net
171339,Maria Helena da Mata,São José dos Campos,Nova Vista,2023-01-07,ayllavargas@example.org
33659,Dr. João Felipe Azevedo,São José dos Campos,Centro,2017-07-08,ana-vitoriacunha@example.net
927657,Natália Casa Grande,São José dos Campos,Heliopolis,2020-06-27,thalessouza@example.net
783300,Mariane Pacheco,São José dos Campos,Nossa Senhora Aparecida,2020-12-04,pedro-lucas28@example.com
49405,Eduardo Pires,São José dos Campos,Centro,2015-12-31,laviniapeixoto@example.org
624834,Vitória da Cunha,São José dos Campos,São Vicente,2019-03-25,rodriguesian@example.net
787352,Luigi Camargo,São José dos Campos,Jardim Guanabara,2024-09-24,dcastro@example.org
918398,Sra. Sarah Teixeira,São José dos Campos,Conjunto São Francisco De Assis,2025-06-28,piresana-cecilia@example.net
208573,Marcelo Teixeira,São José dos Campos,Conjunto Floramar,2020-07-31,peixotoayla@example.com
974230,Dr. Isaque Araújo,São José dos Campos,Gameleira,2015-03-19,barrosmaria-vitoria@example.org
558582,Davi Lucas Ribeiro,São José dos Campos,Primeiro De Maio,2025-10-03,viniciusmoura@example.net
222086,Gabriela Silva,São José dos Campos,Centro,2019-08-27,isabelly57@example.net
259947,Benício Fernandes,São José dos Campos,Alto Caiçaras,2019-12-19,pedro-lucasabreu@example.org
61733,Bernardo Andrade,São José dos Campos,Belvedere,2022-10-14,diego83@example.com
224643,Caroline Silveira,São José dos Campos,João Pinheiro,2022-05-10,yda-cruz@example.com
199659,Calebe Ribeiro,São José dos Campos,Novo Tupi,2023-11-18,lavinia67@example.net
685197,Beatriz Araújo,São José dos Campos,Nossa Senhora Da Conceição,2015-08-05,henrique33@example.org
146991,Emilly da Mota,São José dos Campos,Pindura Saia,2020-11-23,dommacedo@example.net
683823,Alice Borges,São José dos Campos,Centro,2016-01-28,lucas-gabrieljesus@example.com
906651,Ana Liz Cavalcante,São José dos Campos,Centro,2020-04-17,yabreu@example.com
823267,Laura Lima,São José dos Campos,Vila Maloca,2025-03-10,mcassiano@example.com
61324,Ágatha Araújo,São José dos Campos,Vila Primeiro De Maio,2017-05-23,danilo09@example.com
894141,Eduarda Araújo,São José dos Campos,Santa Terezinha,2020-07-12,cirinodavi-miguel@example.net
903682,Nathan Campos,São José dos Campos,Fernão Dias,2015-09-30,brunopinto@example.org
612024,Stephany Dias,São José dos Campos,João Pinheiro,2019-08-11,nicolas53@example.com
704318,Letícia Marques,São José dos Campos,Lagoa,2019-05-09,albuquerquemaria-cecilia@example.net
104837,Vitor Gabriel Cunha,São José dos Campos,Santa Sofia,2025-12-24,joao51@example.org
165409,Ísis Santos,São José dos Campos,Jardim Vitoria,2019-01-23,riosana-clara@example.net
920782,João Camargo,São José dos Campos,Fernão Dias,2016-02-20,souzaleonardo@example.com
220861,Sra. Gabrielly Rodrigues,São José dos Campos,Vila Califórnia,2018-02-05,mirella74@example.org
444151,Augusto Abreu,São José dos Campos,Lorena,2016-01-05,viniciuscastro@example.net
739945,Alexia Camargo,São José dos Campos,Boa União 1ª Seção,2019-11-10,zoeandrade@example.com
155287,Carolina Aparecida,São José dos Campos,João Alfredo,2021-05-28,bruno53@example.net
107786,Dr. Eduardo da Costa,São José dos Campos,Centro,2017-09-28,luiz-gustavojesus@example.org
969395,Dr. Josué da Mata,São José dos Campos,Conjunto Celso Machado,2016-12-20,garciabreno@example.com
856253,Marcela das Neves,São José dos Campos,Estoril,2017-06-11,pietroalves@example.net
344207,Bernardo Vargas,São José dos Campos,Centro,2017-02-13,clara86@example.net
562262,Sr. Danilo da Luz,São José dos Campos,Conjunto São Francisco De Assis,2025-10-16,breno19@example.com
824629,Dr. Thomas Camargo,São José dos Campos,Mirante,2018-10-19,thomasaparecida@example.net
545175,Fernanda Fonseca,São José dos Campos,Novo Tupi,2019-10-18,riosbianca@example.net
889208,Kaique Montenegro,São José dos Campos,João Paulo Ii,2018-06-14,zduarte@example.net
133470,Otto Rios,São José dos Campos,Itaipu,2018-04-01,vrocha@example.org
315568,Agatha da Rosa,São José dos Campos,Jardim Atlântico,2021-10-08,lorenaviana@example.net
337902,Melina Macedo,São José dos Campos,Vila Independencia 2ª Seção,2021-09-02,ninamelo@example.net
88914,Théo Ribeiro,São José dos Campos,Vila Califórnia,2016-11-11,francisco34@example.org
154511,Augusto da Cruz,São José dos Campos,Primeiro De Maio,2023-11-14,marqueskamilly@example.net
753240,Sra. Sabrina Guerra,São José dos Campos,Garças,2021-05-01,anthonysa@example.org
229471,Valentim Martins,São José dos Campos,Baleia,2023-07-24,joaquimmarques@example.org
700005,Luiza Sá,São José dos Campos,Carlos Prates,2023-10-25,upimenta@example.net
950906,Melissa Castro,São José dos Campos,Vila Piratininga,2019-09-10,qmachado@example.org
290782,Raquel Pires,São José dos Campos,Frei Leopoldo,2024-03-27,lunna14@example.org
335239,Anna Liz Carvalho,São José dos Campos,Conjunto Bonsucesso,2017-12-26,hadassasales@example.org
67348,Maria Luísa Farias,São José dos Campos,São José,2022-10-08,dleao@example.org
408396,Alícia Teixeira,São José dos Campos,Taquaril,2024-02-28,amendes@example.com
408930,Zoe Souza,São José dos Campos,Vila Paraíso,2018-04-13,mariahcamara@example.com
30434,Maitê Rios,São José dos Campos,Vila Inestan,2019-10-17,ksilveira@example.com
652483,Amanda Gonçalves,São José dos Campos,União,2025-02-10,barrosliz@example.org
190556,José Pedro Garcia,São José dos Campos,Leticia,2024-07-14,mariaduarte@example.com
397542,Otto da Cunha,São José dos Campos,Floresta,2023-05-16,meloarthur-miguel@example.net
998160,Sr. Bernardo Vasconcelos,São José dos Campos,Centro,2020-12-06,sabento@example.org
21369,Daniela da Costa,São José dos Campos,Castanheira,2017-03-11,hrios@example.net
487623,Sra. Maria Eduarda Cavalcante,São José dos Campos,Venda Nova,2025-06-04,vasconcelosluan@example.com
26925,Marcos Vinicius Gonçalves,São José dos Campos,Vila Nova Dos Milionarios,2016-03-09,dompastor@example.net
254646,Kevin Rodrigues,São José dos Campos,Urca,2024-02-19,vieirabryan@example.com
693655,Sr. Thiago Ramos,São José dos Campos,Manacas,2020-11-09,leaomariana@example.org
379781,Natália Santos,São José dos Campos,Conjunto Califórnia I,2019-10-07,ucavalcanti@example.net
283201,Zoe Vasconcelos,São José dos Campos,Salgado Filho,2025-08-14,ulopes@example.net
893085,Caio da Mota,São José dos Campos,Caiçaras,2017-12-13,wda-cruz@example.com
700646,Maitê Alves,São José dos Campos,Santa Inês,2021-04-07,luiz-otavio73@example.com
356871,João Guilherme Novais,São José dos Campos,Aguas Claras,2023-10-10,enzo-gabrielda-costa@example.net
582144,Renan Ramos,São José dos Campos,Vila Nova Cachoeirinha 2ª Seção,2019-06-21,ymachado@example.org
232360,Isabelly das Neves,São José dos Campos,Vila Engenho Nogueira,2016-01-08,maria-julia88@example.com
782169,Luísa Fogaça,São José dos Campos,Vila Maria,2019-09-05,tda-mata@example.com
756321,Levi Campos,São José dos Campos,Vila Piratininga,2017-07-14,matheuscunha@example.net
759782,Valentina Peixoto,São José dos Campos,Jaraguá,2020-04-28,correiaana-carolina@example.org
316950,Vitor Cardoso,São José dos Campos,Ipe,2018-12-20,aragaoana@example.net
668854,Bella Albuquerque,São José dos Campos,Suzana,2025-05-20,maria-isis77@example.com
53872,Rhavi Camargo,São José dos Campos,Estoril,2017-01-09,guerramariane@example.org
719796,Dom Cassiano,São José dos Campos,Xodo-Marize,2021-05-06,enzo-gabriel31@example.net
635770,Heloisa Vasconcelos,São José dos Campos,São Francisco,2023-05-29,cmachado@example.com
449660,Bento Pimenta,São José dos Campos,Centro,2024-06-17,teixeiraoliver@example.net
692509,Emanuel da Costa,São José dos Campos,Centro,2017-04-26,domcastro@example.org
722858,Olivia da Rocha,São José dos Campos,Andiroba,2019-06-29,aliciasantos@example.com
476086,Igor da Luz,São José dos Campos,Vila Suzana Primeira Seção,2022-09-24,laiscamargo@example.net
156226,Diego Barbosa,São José dos Campos,Beija Flor,2017-06-21,ana-lizpeixoto@example.net
965940,Pedro Lucas Campos,São José dos Campos,Pirineus,2024-01-24,isis48@example.net
84349,Ana Cecília Lopes,São José dos Campos,Centro,2020-06-06,theodoro01@example.org
876566,Alícia Teixeira,São José dos Campos,Vila Independencia 1ª Seção,2025-07-30,bruno27@example.net
960571,Fernando Pacheco,São José dos Campos,Olhos D'água,2022-03-01,eborges@example.com
336653,Bella Castro,São José dos Campos,Liberdade,2019-06-28,fsales@example.com
419904,Ana Carolina Marques,São José dos Campos,Brasil Industrial,2022-04-15,thiago51@example.com
864998,Vitor Hugo Martins,São José dos Campos,Nova Cintra,2024-07-06,correiarafaela@example.com
522707,Melina Teixeira,São José dos Campos,Centro,2021-11-05,costelavitor@example.net
302020,Raquel Campos,São José dos Campos,Álvaro Camargos,2016-06-09,liamdas-neves@example.net
427809,Henry Gabriel Camargo,São José dos Campos,Pindura Saia,2015-02-23,ramosleandro@example.com
306039,Júlia Leão,São José dos Campos,Floresta,2025-04-04,pmelo@example.com
402219,Thomas Souza,São José dos Campos,Santo Antônio,2021-01-22,davi-miguelda-mota@example.com
825981,Juliana Abreu,São José dos Campos,Jaraguá,2018-09-26,mariana27@example.net
348588,Ísis Garcia,São José dos Campos,Petropolis,2020-04-29,marcos-vinicius39@example.com
813217,Ana Clara Dias,São José dos Campos,Vila Piratininga Venda Nova,2017-07-26,zsantos@example.com
695928,Clarice Monteiro,São José dos Campos,Aparecida 7ª Seção,2019-03-31,milenapastor@example.com
916655,Beatriz Moura,São José dos Campos,Cidade Nova,2024-07-25,ualbuquerque@example.org
686587,Breno Melo,São José dos Campos,Vila Satélite,2019-07-05,camila96@example.net
344525,Yasmin Garcia,São José dos Campos,Lagoinha,2015-11-18,cnogueira@example.net
661820,Laura da Conceição,São José dos Campos,Vila Primeiro De Maio,2015-10-01,lopesgael-henrique@example.net
105389,Eloah Sales,São José dos Campos,Jardim São José,2022-09-28,aparecidaaylla@example.org
393049,Clara da Cruz,São José dos Campos,São Gonçalo,2018-03-23,rnunes@example.org
82804,Maria Helena Pinto,São José dos Campos,Vila Jardim Alvorada,2016-11-12,maysapacheco@example.org
668891,Raul da Cunha,São José dos Campos,Vila Formosa,2017-07-20,martinsalicia@example.net
77449,Manuella Pastor,São José dos Campos,Jardim São José,2021-01-04,qsales@example.com
208894,Rafaela Caldeira,São José dos Campos,Floramar,2024-04-18,woliveira@example.net
733247,Antônio Ribeiro,São José dos Campos,Morro Dos Macacos,2018-04-02,antony90@example.net
873294,Ian Pereira,São José dos Campos,Vista Alegre,2023-03-13,pedro-lucas39@example.com
755948,Cecilia Pires,São José dos Campos,Cachoeirinha,2022-06-15,das-neveslunna@example.org
767934,Caleb da Rocha,São José dos Campos,Leticia,2021-05-16,mcavalcanti@example.org
919035,Dr. Enzo da Cunha,São José dos Campos,Savassi,2023-08-26,vda-rocha@example.com
491081,Diego Sá,São José dos Campos,Centro,2023-11-05,isabellanovais@example.com
413741,João Nascimento,São José dos Campos,Casa Branca,2015-12-28,rfreitas@example.net
612955,Maria Fernanda Caldeira,São José dos Campos,Centro,2022-05-24,maria-juliaalves@example.net
588678,Sr. Benício Porto,São José dos Campos,Novo Ouro Preto,2024-09-21,tsampaio@example.net
146566,Arthur Miguel da Rosa,São José dos Campos,Santa Helena,2019-06-28,britoravy@example.net
475679,Dr. Eduardo Leão,São José dos Campos,Vila Das Oliveiras,2016-06-28,mendoncajoana@example.com
388528,Pedro Miguel Macedo,São José dos Campos,Flavio Marques Lisboa,2015-05-11,gael-henrique58@example.net
417479,Gabriel Campos,São José dos Campos,Centro,2018-12-11,qborges@example.org
626152,Benicio Viana,São José dos Campos,Lorena,2022-01-21,joseviana@example.net
870127,Giovanna Pastor,São José dos Campos,Ernesto Nascimento,2017-04-03,bellavasconcelos@example.org
624932,João Guilherme Casa Grande,São José dos Campos,Centro,2023-09-03,valentinada-cunha@example.org
908536,Davi Lucca Albuquerque,São José dos Campos,Maria Virgínia,2016-03-16,aylaalmeida@example.org
132915,Sra. Valentina Camargo,São José dos Campos,Centro,2017-12-01,melomanuela@example.com
114351,Sarah Câmara,São José dos Campos,Vila Aeroporto Jaraguá,2020-08-23,siqueiraraquel@example.com
32663,Rhavi Guerra,São José dos Campos,Novo Glória,2020-01-14,mendoncalivia@example.org
337758,Clara Azevedo,São José dos Campos,Castanheira,2024-11-21,agatha56@example.net
475755,Marina Brito,São José dos Campos,Vila Trinta E Um De Março,2020-10-31,rezendepedro@example.com
239592,Maitê Marques,São José dos Campos,Nossa Senhora Aparecida,2019-12-19,gsiqueira@example.com
697416,Marcelo Cassiano,São José dos Campos,Vila Jardim São José,2019-09-10,fazevedo@example.org
101255,Dra. Maria Fernanda Cardoso,São José dos Campos,Satelite,2016-01-09,pastorbella@example.net
370774,Mariana Silveira,São José dos Campos,Barão Homem De Melo 1ª Seção,2016-05-05,ana-livia51@example.net
162246,Rafaela Câmara,São José dos Campos,Gutierrez,2020-07-30,ferreiraemilly@example.org
601987,Paulo Novais,São José dos Campos,Vila São Dimas,2023-05-22,pereiravitor@example.org
736833,Lucca Ferreira,São José dos Campos,Ademar Maldonado,2016-12-24,joao-pedronunes@example.net
148766,Dra. Ana Borges,São José dos Campos,Vila Primeiro De Maio,2019-05-29,fernandaleao@example.com
388028,Luan Vasconcelos,São José dos Campos,Solar Do Barreiro,2018-09-30,aragaoleonardo@example.org
52179,Anna Liz da Mata,São José dos Campos,Paquetá,2023-04-19,mmendonca@example.com
226040,Bruna Ferreira,São José dos Campos,Novo Tupi,2019-07-22,da-pazmariah@example.net
47623,Miguel Peixoto,São José dos Campos,Barão Homem De Melo 3ª Seção,2022-05-03,costelaana-julia@example.org
801280,João Vitor Duarte,São José dos Campos,Capitão Eduardo,2023-06-10,monteirolorena@example.org
558453,Srta. Sarah Novais,São José dos Campos,Vila De Sá,2016-06-02,diego60@example.com
965908,Levi Oliveira,São José dos Campos,Novo Santa Cecilia,2015-03-16,osantos@example.com
424707,Luan Cavalcante,São José dos Campos,Vista Alegre,2018-03-08,xsales@example.org
111005,Pedro Henrique Pastor,São José dos Campos,Nossa Senhora Da Aparecida,2019-10-20,goncalvesana-luiza@example.net
349247,Breno Moraes,São José dos Campos,Vila Califórnia,2018-09-25,mouranina@example.org
366346,Sr. Isaac Caldeira,São José dos Campos,Cônego Pinheiro 1ª Seção,2024-12-17,miguel29@example.org
687351,Felipe Vargas,São José dos Campos,Centro,2023-05-12,wmartins@example.net
470711,Luna Pires,São José dos Campos,Lagoa,2023-05-11,lunnaazevedo@example.com
317530,Benjamin Fogaça,São José dos Campos,Santa Sofia,2019-11-11,das-nevesmaria-eduarda@example.com
386649,Breno Ramos,São José dos Campos,Santa Lúcia,2015-05-31,pimentanatalia@example.com
581242,Srta. Milena Oliveira,São José dos Campos,Vila Da Luz,2020-02-02,aurorapereira@example.com
64879,Bella Fernandes,São José dos Campos,Centro,2020-07-06,montenegroluiz-felipe@example.org
459022,Valentina Moreira,São José dos Campos,Vera Cruz,2017-09-21,emanuellafreitas@example.com
812085,Sr. Lucas Gabriel Azevedo,São José dos Campos,Liberdade,2019-04-05,novaishelena@example.com
892931,Clarice Farias,São José dos Campos,Boa Vista,2017-10-08,claradas-neves@example.net
410997,Bryan das Neves,São José dos Campos,Senhor Dos Passos,2022-09-06,yramos@example.com
702667,Dra. Valentina Borges,São José dos Campos,Vila Coqueiral,2023-12-11,xmoraes@example.org
189019,Luigi Vargas,São José dos Campos,Santa Amelia,2018-12-26,raelcarvalho@example.org
885447,Thiago Vargas,São José dos Campos,São Jorge 3ª Seção,2015-11-06,ribeirobarbara@example.net
395019,Enrico Cirino,São José dos Campos,Palmeiras,2016-06-09,lunaaparecida@example.com
754540,Pedro Miguel Pimenta,São José dos Campos,Jardim Alvorada,2019-01-02,ida-conceicao@example.org
847903,Evelyn Freitas,São José dos Campos,Vila Inestan,2018-05-27,xmartins@example.com
527335,Mariah Castro,São José dos Campos,Centro,2023-07-23,joao-guilhermeda-cunha@example.org
916578,Sr. Valentim Campos,São José dos Campos,Jardim Alvorada,2022-01-19,teixeiralorenzo@example.com
538289,Pedro Henrique Borges,São José dos Campos,Cidade Nova,2019-12-10,manuellaferreira@example.org
415712,Maria Fernanda da Costa,São José dos Campos,Mirante,2019-07-25,freitaspietro@example.org
103896,Dra. Lívia Vieira,São José dos Campos,Cônego Pinheiro 1ª Seção,2018-07-03,brenoda-paz@example.com
145534,Sra. Melissa Pimenta,São José dos Campos,Acaiaca,2022-08-27,almeidatheo@example.org
575462,Dra. Vitória Lima,São José dos Campos,Camponesa 1ª Seção,2024-03-07,renan41@example.org
669989,Natália Azevedo,São José dos Campos,Centro,2017-08-15,monteirostella@example.org
602980,Diego da Rocha,São José dos Campos,Novo Santa Cecilia,2021-12-13,pimentaclarice@example.org
196412,Antonella Moura,São José dos Campos,Mariano De Abreu,2021-04-10,mourayasmin@example.net
532280,Alícia Gomes,São José dos Campos,Buritis,2023-08-25,oaparecida@example.com
265971,Srta. Maria Alice Viana,São José dos Campos,Bernadete,2025-10-15,rodrigo19@example.net
139890,Luiz Gustavo Nogueira,São José dos Campos,Mala E Cuia,2023-04-28,maria-fernandasampaio@example.com
850916,Benício Silva,São José dos Campos,Vila São João Batista,2021-12-12,sandrade@example.org
209159,Levi das Neves,São José dos Campos,São Benedito,2015-06-25,enogueira@example.com
678324,João Pedro Fogaça,São José dos Campos,Santa Efigênia,2015-05-27,rezendebianca@example.com
385896,Maria Liz Souza,São José dos Campos,Pantanal,2016-05-14,lfernandes@example.com
385191,Juliana Barros,São José dos Campos,Vila Oeste,2022-08-11,bbarros@example.net
189222,Laís Duarte,São José dos Campos,Calafate,2025-12-11,duarteana-carolina@example.com
752524,Eloah Sales,São José dos Campos,Paraíso,2019-11-26,maite05@example.net
287892,Ana Laura Barbosa,São José dos Campos,Vila Havaí,2025-12-23,gfonseca@example.net
999072,Diego Pereira,São José dos Campos,Centro,2022-06-21,iandrade@example.org
676502,Dr. Matheus Nunes,São José dos Campos,Andiroba,2017-08-05,manuellafreitas@example.com
80620,Cecilia Moura,São José dos Campos,Marieta 3ª Seção,2019-11-18,pdias@example.com
118959,Francisco Monteiro,São José dos Campos,São Cristóvão,2017-09-28,hnovais@example.com
738237,Hadassa Pimenta,São José dos Campos,Jardim Atlântico,2023-07-10,hcosta@example.org
474001,Pedro Miguel Borges,São José dos Campos,Xangri-Lá,2024-05-18,cecilia18@example.net
314527,Erick Vieira,São José dos Campos,Marieta 1ª Seção,2018-03-11,joaquimcosta@example.org
518019,Luiz Miguel Novaes,São José dos Campos,Suzana,2017-08-08,maria-helena82@example.net
68941,Miguel Silva,São José dos Campos,Vila Nova Gameleira 2ª Seção,2024-09-21,amoura@example.com
77333,Liam Ramos,São José dos Campos,Boa Esperança,2024-01-21,rmartins@example.net
920607,Emilly Vargas,São José dos Campos,Centro,2018-10-15,luanamontenegro@example.org
543269,Kevin Cavalcante,São José dos Campos,Conjunto Floramar,2024-02-22,rael58@example.com
262778,Yuri da Mota,São José dos Campos,Castanheira,2024-04-20,sophie18@example.net
987346,Daniela Cavalcante,São José dos Campos,Vila Dos Anjos,2016-11-07,bryan01@example.org
808475,Julia Rezende,São José dos Campos,Embaúbas,2025-06-07,opinto@example.org
657629,Lavínia Ramos,São José dos Campos,Jardim Vitoria,2020-06-23,zda-cruz@example.net
475575,Bento Castro,São José dos Campos,Pantanal,2019-06-19,dmendes@example.org
150647,Dr. Luiz Felipe Guerra,São José dos Campos,Cenaculo,2018-09-27,olivia81@example.com
128473,Rael da Cruz,São José dos Campos,Comiteco,2017-08-28,aragaoamanda@example.com
438446,Emanuel Duarte,São José dos Campos,João Pinheiro,2024-07-03,mateus27@example.net
921777,Theo Almeida,São José dos Campos,Braúnas,2020-02-18,dmontenegro@example.org
370037,Benicio da Paz,São José dos Campos,Santa Inês,2017-05-13,ida-paz@example.org
451860,João Siqueira,São José dos Campos,Marieta 3ª Seção,2024-04-25,cfonseca@example.com
589107,Luiz Miguel Novaes,São José dos Campos,Jardim Do Vale,2015-07-24,gomesmirella@example.com
293308,Bárbara Cardoso,São José dos Campos,Cachoeirinha,2023-05-29,yfreitas@example.com
383366,Gael Henrique Pereira,São José dos Campos,Santa Terezinha,2021-02-18,cmontenegro@example.org
748255,Dr. Valentim Marques,São José dos Campos,Confisco,2015-06-05,beatrizpimenta@example.com
646447,Sra. Maitê Montenegro,São José dos Campos,Centro,2016-10-13,ksantos@example.com
17445,Dr. Daniel Leão,São José dos Campos,Tres Marias,2020-03-22,benjamim97@example.com
820934,Heloísa Silveira,São José dos Campos,Barão Homem De Melo 1ª Seção,2025-08-20,hcavalcante@example.net
812233,Clara Rodrigues,São José dos Campos,Garças,2022-12-06,oliveirahenry@example.org
328930,Clarice Jesus,São José dos Campos,Vila Madre Gertrudes 2ª Seção,2015-03-17,julianamontenegro@example.net
915215,Dra. Ana Liz Santos,São José dos Campos,Cinquentenário,2025-02-14,ayllaribeiro@example.com
328993,Raul Nascimento,São José dos Campos,Centro,2020-10-11,zoe54@example.net
258494,Kaique Câmara,São José dos Campos,Jardim Montanhês,2020-04-28,oliver75@example.com
979055,Sra. Laura Campos,São José dos Campos,Suzana,2018-11-01,wgoncalves@example.org
301602,Srta. Manuella Macedo,São José dos Campos,Vila Das Oliveiras,2018-03-12,maria-luiza33@example.net
589318,Sra. Cecilia Caldeira,São José dos Campos,Vila Antena,2017-12-24,ryanaragao@example.net
236633,Isabel Aragão,São José dos Campos,Caiçara - Adelaide,2024-12-15,tfarias@example.com
808206,André Novaes,São José dos Campos,Coração Eucarístico,2016-02-07,joanarezende@example.com
209144,Lorenzo da Paz,São José dos Campos,Vila Coqueiral,2020-04-01,vargasfelipe@example.net
561147,Dra. Ana Carolina Cavalcanti,São José dos Campos,Nova Floresta,2021-04-24,brayangoncalves@example.com
785386,Arthur Miguel Albuquerque,São José dos Campos,Jardim Montanhês,2017-01-17,fariasalice@example.com
569691,Sabrina Carvalho,São José dos Campos,Renascença,2025-11-17,mda-mata@example.org
766634,Jade Silva,São José dos Campos,Coqueiros,2018-08-20,sousabarbara@example.com
794068,Erick Pimenta,São José dos Campos,Sagrada Família,2021-03-30,glima@example.com
701765,Francisco Carvalho,São José dos Campos,Providencia,2015-12-14,theo04@example.com
790371,Lucas da Rosa,São José dos Campos,Tres Marias,2017-08-03,da-luzeloah@example.net
700224,Ravi Lucca das Neves,São José dos Campos,Conjunto Celso Machado,2017-08-06,grodrigues@example.net
723821,Juan Freitas,São José dos Campos,Vila Aeroporto Jaraguá,2023-06-20,pedro-lucascarvalho@example.com
784056,Maria Fernanda Leão,São José dos Campos,Vila Maria,2016-09-06,isa@example.net
798867,Bruno Moura,São José dos Campos,Parque São José,2024-01-30,eduardo91@example.org
946746,Gabriela Oliveira,São José dos Campos,São Jorge 1ª Seção,2024-02-12,lucasduarte@example.net
713341,Samuel Borges,São José dos Campos,São Luiz,2019-11-10,daraujo@example.org
478987,Ana Laura Novais,São José dos Campos,Pindura Saia,2020-08-23,augusto64@example.org
606403,Augusto Lima,São José dos Campos,Centro,2023-03-15,davi-lucas80@example.org
495002,João Pedro Jesus,São José dos Campos,Conjunto Serra Verde,2025-11-05,laurafreitas@example.com
961664,Maria Flor Barros,São José dos Campos,Vila Jardim Alvorada,2019-12-07,ceciliacampos@example.org
412151,Carolina Siqueira,São José dos Campos,Etelvina Carneiro,2025-12-02,saaugusto@example.com
754024,Mariana Nascimento,São José dos Campos,Centro,2020-02-03,pda-conceicao@example.com
289039,Daniel Andrade,São José dos Campos,Xangri-Lá,2018-10-21,xpimenta@example.org
70559,Arthur Gabriel Machado,São José dos Campos,Universo,2017-08-23,da-cruzcaio@example.com
565979,Benjamin Carvalho,São José dos Campos,Santa Rita,2019-10-29,ravi-lucca95@example.net
705200,Sr. Kevin Casa Grande,São José dos Campos,Vila Ecológica,2021-07-29,juliada-rosa@example.com
994595,Emanuella Pires,São José dos Campos,Vila Inestan,2015-09-01,fnovais@example.org
987324,Maria Helena Viana,São José dos Campos,São Francisco Das Chagas,2025-09-10,lara62@example.com
791062,Olívia da Costa,São José dos Campos,Jardim América,2019-02-20,ana-clarasantos@example.org
959175,Noah Leão,São José dos Campos,Saudade,2023-11-11,hellenada-cruz@example.com
678120,Rael Freitas,São José dos Campos,Buraco Quente,2017-03-27,cauada-mata@example.com
632209,Brayan Correia,São José dos Campos,Vista Do Sol,2022-05-29,maria-luizacostela@example.com
953149,Heitor Correia,São José dos Campos,Vila Pinho,2018-05-02,souzamaria-luiza@example.org
737954,Miguel da Costa,São José dos Campos,São Tomaz,2022-08-26,alexia67@example.net
323404,Luiz Miguel Moraes,São José dos Campos,Centro,2022-02-18,gmartins@example.net
880521,Sr. Léo Dias,São José dos Campos,Nova Cintra,2020-02-29,nunespedro-miguel@example.net
273441,Maria Vitória da Rocha,São José dos Campos,Conjunto Califórnia I,2016-08-08,bellada-conceicao@example.com
257666,Maitê da Cunha,São José dos Campos,Vila Santo Antônio,2021-04-07,psilveira@example.net
176405,Sra. Eloá Carvalho,São José dos Campos,Vila Nova Gameleira 2ª Seção,2020-05-24,icirino@example.net
549395,Breno Rios,São José dos Campos,Bairro Das Indústrias Ii,2025-07-12,jesusjoao-guilherme@example.net
741521,Anthony Cunha,São José dos Campos,Santa Rita De Cássia,2017-07-17,dfreitas@example.net
979269,Rafaela Ribeiro,São José dos Campos,Santa Branca,2022-01-05,abreusophia@example.net
17538,Kamilly Nascimento,São José dos Campos,Jardim Atlântico,2019-07-10,montenegrolorena@example.org
100992,Clarice da Costa,São José dos Campos,Das Industrias I,2016-03-04,daniela46@example.org
425750,Isabelly Sampaio,São José dos Campos,Europa,2019-02-06,enrico01@example.com
579549,Ana Laura Porto,São José dos Campos,Aeroporto,2019-03-03,enzomonteiro@example.com
347362,Aylla Moura,São José dos Campos,Sion,2022-02-03,da-conceicaootavio@example.net
498598,Augusto Barbosa,São José dos Campos,Vila Jardim Leblon,2024-10-05,yasmin90@example.org
329761,Gustavo Henrique Pastor,São José dos Campos,Concórdia,2025-03-19,tbarbosa@example.org
594223,Ágatha Farias,São José dos Campos,Miramar,2021-03-14,emanuelmontenegro@example.net
56304,Pedro Henrique da Conceição,São José dos Campos,Aparecida,2025-09-18,fernandesisabella@example.com
286604,Rebeca da Conceição,São José dos Campos,Maria Tereza,2015-04-29,llopes@example.net
398535,Juan da Cruz,São José dos Campos,Centro,2021-06-11,barrosvitor-gabriel@example.org
821968,Daniela Sousa,São José dos Campos,Monsenhor Messias,2019-03-06,eloah11@example.org
466339,Dr. Cauã Cardoso,São José dos Campos,Bonsucesso,2025-05-15,lorenamachado@example.net
427865,Apollo Borges,São José dos Campos,Centro,2021-02-05,francisco99@example.com
12940,Noah Gomes,São José dos Campos,Vila São Paulo,2024-07-01,silveiraryan@example.net
718605,Eloá Carvalho,São José dos Campos,Inconfidência,2020-09-23,vitor-gabriel72@example.org
289366,Letícia Mendes,São José dos Campos,Vila Satélite,2016-11-01,fonsecatheodoro@example.org
519886,Fernanda Marques,São José dos Campos,Camargos,2022-12-05,ana-juliaabreu@example.com
650318,Luísa Macedo,São José dos Campos,Madre Gertrudes,2018-08-26,mrezende@example.org
632512,Srta. Pietra Dias,São José dos Campos,Conjunto Santa Maria,2018-04-21,sdias@example.net
514858,Isabelly Duarte,São José dos Campos,Centro,2022-08-23,yda-mota@example.com
977343,Gabriela Pastor,São José dos Campos,Centro,2019-01-05,isisalves@example.net
742776,Pedro Lucas da Rocha,São José dos Campos,Palmeiras,2020-01-28,vieirajulia@example.net
664100,Isaque da Cunha,São José dos Campos,Vila Dos Anjos,2020-06-28,laviniavieira@example.com
626979,Maria Liz Nascimento,São José dos Campos,Santa Sofia,2015-10-24,cnogueira@example.com
851755,Antonella Caldeira,São José dos Campos,Vila São Francisco,2022-09-19,danielacavalcante@example.net
590579,Maria Liz Sá,São José dos Campos,Lindéia,2021-09-26,acaldeira@example.org
535482,Dra. Hellena Machado,São José dos Campos,Milionario,2017-11-04,xmartins@example.net
524776,Luiz Felipe Alves,São José dos Campos,Salgado Filho,2021-06-21,da-rochakamilly@example.org
986370,Srta. Marcela das Neves,São José dos Campos,Mangueiras,2016-04-10,nviana@example.net
499292,Pedro Lucas Silveira,São José dos Campos,Vila Maloca,2020-04-23,edias@example.com
745305,Antônio Fernandes,São José dos Campos,Vila Da Amizade,2015-06-28,rochalucas@example.net
182927,Eduarda Farias,São José dos Campos,Senhor Dos Passos,2017-09-06,omartins@example.com
195440,Marina Gonçalves,São José dos Campos,Álvaro Camargos,2021-12-04,manuellapastor@example.com
738968,Gustavo da Mota,São José dos Campos,Vila Real 2ª Seção,2019-04-11,oliveiragustavo@example.net
341819,Raul Camargo,São José dos Campos,Havaí,2017-01-20,omoura@example.com
641003,Bruna Ferreira,São José dos Campos,Maria Goretti,2021-07-25,lpinto@example.net
311893,Antonella Rocha,São José dos Campos,Chácara Leonina,2022-10-06,isaac34@example.org
727120,Thomas Gomes,São José dos Campos,Nova Gameleira,2017-01-04,hadassalima@example.org
563483,Dra. Emanuella Novais,São José dos Campos,Conjunto Lagoa,2020-05-08,ida-paz@example.org
472908,Ana Júlia Fogaça,São José dos Campos,Aeroporto,2018-06-16,mcarvalho@example.com
529990,Sabrina Jesus,São José dos Campos,Vila Jardim Leblon,2025-08-07,tleao@example.com
86686,Ana Vieira,São José dos Campos,Vila Santa Rosa,2020-05-16,anaandrade@example.com
302692,Raul Nunes,São José dos Campos,Vila Piratininga,2017-06-21,gnovaes@example.org
280901,Maria Clara Nogueira,São José dos Campos,Novo Ouro Preto,2021-04-19,teixeiralunna@example.net
445807,Josué da Rosa,São José dos Campos,Buritis,2017-05-27,machadovinicius@example.com
91208,Bárbara Vasconcelos,São José dos Campos,Xodo-Marize,2024-06-25,ottosousa@example.net
902874,Dra. Mariane Cavalcante,São José dos Campos,Centro,2022-07-30,noahcostela@example.org
558136,Vitor Gabriel Cavalcante,São José dos Campos,Laranjeiras,2021-04-08,amanda94@example.net
712296,Davi Luiz Sá,São José dos Campos,Vila Sumaré,2025-11-02,raraujo@example.net
908149,Josué Casa Grande,São José dos Campos,Vila Nova Cachoeirinha 2ª Seção,2016-05-23,thales67@example.org
281770,Maria Vitória Garcia,São José dos Campos,Pedreira Padro Lopes,2021-05-08,portofrancisco@example.com
291740,Sra. Mirella Mendonça,São José dos Campos,Leticia,2020-09-01,vasconcelosfrancisco@example.net
665678,Maria Alice Azevedo,São José dos Campos,Vila União,2025-09-10,bcunha@example.org
338548,Lucca Novaes,São José dos Campos,Teixeira Dias,2020-06-09,maria-vitoriaviana@example.com
799281,Augusto Brito,São José dos Campos,Vila Batik,2024-10-31,halmeida@example.org
708,Gabriela Sales,São José dos Campos,Castelo,2019-11-08,ana-juliacastro@example.com
377943,Bryan Freitas,São José dos Campos,Vila Esplanada,2016-01-10,cauagoncalves@example.net
733417,Paulo Rezende,São José dos Campos,Braúnas,2018-05-11,abreupaulo@example.com
622518,Valentim Rodrigues,São José dos Campos,Paraíso,2015-11-09,albuquerquecaroline@example.org
442828,Srta. Pietra Barbosa,São José dos Campos,Fazendinha,2025-11-13,uborges@example.org
385416,Davi Miguel Garcia,São José dos Campos,Vila São Geraldo,2016-02-18,joao-pedroazevedo@example.net
639966,Eloah Macedo,São José dos Campos,Marçola,2021-03-12,kevinjesus@example.net
901736,Caio Brito,São José dos Campos,Colégio Batista,2022-07-20,pastorhadassa@example.com
329780,Josué da Mota,São José dos Campos,Vila Coqueiral,2025-08-05,da-cruzalice@example.net
888217,Liz Costela,São José dos Campos,Centro,2015-04-17,heloisada-rocha@example.net
941529,Thales Gomes,São José dos Campos,Camponesa 2ª Seção,2015-08-07,melinaporto@example.net
931895,Luiz Miguel Dias,São José dos Campos,Céu Azul,2015-10-12,anunes@example.com
181162,Ana Sophia Almeida,São José dos Campos,Túnel De Ibirité,2021-01-03,albuquerquevinicius@example.org
63406,Sofia da Paz,São José dos Campos,Vila Betânia,2015-06-09,slima@example.com
562628,Daniela da Mota,São José dos Campos,Bom Jesus,2015-11-27,emanuel83@example.org
409711,Ana Luiza das Neves,São José dos Campos,Vila Mangueiras,2020-11-24,psiqueira@example.org
969542,Bruna Marques,São José dos Campos,Vila Aeroporto,2017-09-08,das-nevesluiz-fernando@example.org
143876,Srta. Elisa Monteiro,São José dos Campos,Marajó,2015-02-19,lucas-gabriel52@example.net
281819,Srta. Ana Farias,São José dos Campos,Vitoria Da Conquista,2023-08-04,hda-mata@example.org
604663,Ana Vitória Monteiro,São José dos Campos,Petropolis,2017-11-21,daniel79@example.org
267508,Danilo da Conceição,São José dos Campos,Vila Pinho,2019-01-16,aparecidaapollo@example.org
381657,Clarice Cavalcanti,São José dos Campos,Funcionários,2015-07-03,novaeslarissa@example.org
436476,Sra. Júlia Barbosa,São José dos Campos,Sport Club,2018-07-16,isaque80@example.org
540828,Murilo Azevedo,São José dos Campos,Santo Agostinho,2017-06-14,xda-paz@example.com
579958,Alexia Freitas,São José dos Campos,Dom Bosco,2018-08-07,ana-julia93@example.com
517326,Yago Teixeira,São José dos Campos,Vila União,2019-01-18,kevinabreu@example.com
567851,Sr. Lucas Gabriel Abreu,São José dos Campos,Vila Santa Monica 2ª Seção,2015-04-06,usousa@example.com
555550,Otto Mendonça,São José dos Campos,Beija Flor,2016-02-21,alanaborges@example.org
940874,Maria Sophia Sampaio,São José dos Campos,Luxemburgo,2025-02-17,maria-cecilia19@example.org
668169,Ana Vitória Pastor,São José dos Campos,Solar Do Barreiro,2020-07-22,lopesjose-pedro@example.org
892247,Dr. Luan Dias,São José dos Campos,Pedreira Padro Lopes,2018-03-16,ravi-lucca13@example.org
613110,Eduardo Caldeira,São José dos Campos,Conjunto Jatoba,2023-07-30,umartins@example.com
375691,Rael das Neves,São José dos Campos,Piraja,2016-04-29,isaque12@example.net
738936,Dra. Ana Cecília Cunha,São José dos Campos,Floresta,2018-05-06,juan13@example.com
51328,Letícia da Luz,São José dos Campos,Esplanada,2019-05-11,bentoguerra@example.com
576843,Calebe Martins,São José dos Campos,Centro,2021-02-10,vieirajoao-lucas@example.org
870708,Davi Lucca Costa,São José dos Campos,Novo Ouro Preto,2015-02-17,rfreitas@example.net
88121,Joana Barbosa,São José dos Campos,Alto Das Antenas,2025-04-24,costalivia@example.org
888432,Sr. Asafe Martins,São José dos Campos,Baleia,2016-01-04,luanasilveira@example.com
401320,Mariane Cavalcanti,São José dos Campos,Maria Helena,2020-06-15,marceloda-mota@example.com
155851,Joaquim Ramos,São José dos Campos,Jardim Leblon,2019-11-27,jjesus@example.com
293366,Cecilia Leão,São José dos Campos,Dom Bosco,2015-09-02,yasminvieira@example.org
819898,Sra. Pietra Nogueira,São José dos Campos,Centro,2025-11-18,kferreira@example.net
283572,Apollo Dias,São José dos Campos,Universitário,2018-07-15,bentovasconcelos@example.com
494596,Maria Alice Vargas,São José dos Campos,Trevo,2015-08-23,liambrito@example.org
279473,Ana Laura Teixeira,São José dos Campos,Estrela,2022-03-23,lfogaca@example.org
333451,Dra. Maria Alice Pastor,São José dos Campos,Álvaro Camargos,2017-08-07,joao-miguel93@example.com
184084,Ana Carolina Borges,São José dos Campos,Barão Homem De Melo 3ª Seção,2020-12-17,pedro-lucasalmeida@example.net
347848,Gabriela Cardoso,São José dos Campos,Manacas,2020-04-03,aylaaraujo@example.org
738927,Daniel Moura,São José dos Campos,Belvedere,2016-08-15,diogo56@example.net
316423,Sr. Emanuel Siqueira,São José dos Campos,Olhos D'água,2016-02-09,urezende@example.org
589275,Dra. Maria Alice Câmara,São José dos Campos,Vila Esplanada,2022-10-11,gabrieladas-neves@example.net
133534,Alexandre Sampaio,São José dos Campos,Suzana,2022-07-28,kvargas@example.org
333674,Hellena Porto,São José dos Campos,Serrano,2016-12-31,monteirojoao-miguel@example.com
249556,Dr. Enzo Porto,São José dos Campos,Prado,2023-03-13,santosbruna@example.com
219869,Bernardo Ferreira,São José dos Campos,Grotinha,2015-02-14,silveiraalexandre@example.org
768170,Eloah Jesus,São José dos Campos,Santa Helena,2019-03-30,iferreira@example.com
502780,Heloisa Castro,São José dos Campos,Pedreira Padro Lopes,2016-02-11,andradeana-beatriz@example.org
997890,Brayan Fernandes,São José dos Campos,Conjunto Novo Dom Bosco,2018-07-03,ucastro@example.org
941751,Lucca Peixoto,São José dos Campos,Vila Aeroporto Jaraguá,2021-01-06,bsantos@example.com
173012,Maya Castro,São José dos Campos,Barão Homem De Melo 2ª Seção,2025-05-13,fariasnoah@example.org
581028,Dra. Ágatha da Luz,São José dos Campos,Centro,2019-07-02,ana-cecilia31@example.org
576363,Daniela Aragão,São José dos Campos,Mariano De Abreu,2019-04-27,limaerick@example.com
655455,Pietra Costa,São José dos Campos,Cachoeirinha,2024-01-23,costelaluigi@example.net
85916,Bruna das Neves,São José dos Campos,Vila Sesc,2018-03-17,fmelo@example.net
673045,Maria Julia Cirino,São José dos Campos,Mariquinhas,2017-11-29,lfreitas@example.com
461101,Julia Câmara,São José dos Campos,Anchieta,2015-06-28,davi21@example.org
847438,Maria Sophia Sá,São José dos Campos,Tupi A,2022-05-07,davigomes@example.net
561527,Olívia Oliveira,São José dos Campos,Caiçaras,2019-08-09,maria-laurada-rosa@example.org
895420,Srta. Sarah Oliveira,São José dos Campos,Mangabeiras,2019-05-05,isaquesa@example.com
175284,Gael Cardoso,São José dos Campos,Araguaia,2016-11-24,rbarros@example.com
862520,Clara Peixoto,São José dos Campos,Guarani,2017-03-21,davi-luiz16@example.net
341968,Vicente Marques,São José dos Campos,Silveira,2019-05-15,vianarebeca@example.com
156911,Carlos Eduardo Caldeira,São José dos Campos,Centro,2016-03-27,vianaallana@example.net
920538,Julia Gomes,São José dos Campos,Vila Das Oliveiras,2024-09-05,moliveira@example.com
288792,Cecília Pinto,São José dos Campos,Ventosa,2015-05-30,zandrade@example.com
51685,Sra. Juliana Freitas,São José dos Campos,Alto Caiçaras,2022-08-05,ana-julia44@example.com
718119,Ian Carvalho,São José dos Campos,Jardim São José,2024-06-09,uvasconcelos@example.com
634366,Aurora Correia,São José dos Campos,Paquetá,2023-01-06,joanasousa@example.com
909313,Sr. Théo Vieira,São José dos Campos,Conjunto Celso Machado,2023-05-09,das-nevesnatalia@example.com
892647,Ana Cavalcanti,São José dos Campos,Das Industrias I,2016-06-28,daniloda-cruz@example.org
962625,Sr. João Guilherme Freitas,São José dos Campos,Novo Ouro Preto,2020-01-08,zmontenegro@example.net
714263,Isaque Freitas,São José dos Campos,Centro,2025-02-24,cpeixoto@example.org
497635,Marcela Ferreira,São José dos Campos,Conjunto Jardim Filadélfia,2025-07-25,fernando40@example.com
895296,Hadassa Câmara,São José dos Campos,Vila Da Amizade,2015-07-18,noahda-mata@example.net
21026,Alexia Melo,São José dos Campos,Cidade Nova,2019-07-03,luiz-felipepeixoto@example.org
637894,João Guilherme Lima,São José dos Campos,Centro,2017-06-17,dferreira@example.com
316822,Stephany Pinto,São José dos Campos,Nazare,2017-05-25,abreunina@example.net
880152,Dr. Kaique Rodrigues,São José dos Campos,Campo Alegre,2025-08-18,vazevedo@example.com
903339,José Pedro Rezende,São José dos Campos,Vila Nova Cachoeirinha 2ª Seção,2022-01-16,marcos-vinicius28@example.org
844554,Maria Luiza Ribeiro,São José dos Campos,Lagoinha Leblon,2024-11-22,benjamimrezende@example.com
272028,Maria Luiza Gomes,São José dos Campos,Vila Petropolis,2025-12-20,pachecomateus@example.com
233164,Yasmin Porto,São José dos Campos,Vila Sesc,2022-12-28,wrios@example.net
178243,Emilly da Rocha,São José dos Campos,Cachoeirinha,2018-04-20,vcardoso@example.com
586187,Lucas Gabriel Rezende,São José dos Campos,Centro,2022-12-22,camaradaniela@example.org
322002,Luísa Freitas,São José dos Campos,Guaratã,2023-03-09,maria-fernanda17@example.org
611922,Ana Sophia Melo,São José dos Campos,Fernão Dias,2024-07-12,melissacampos@example.net
312848,Ana Júlia Cassiano,São José dos Campos,Cinquentenário,2019-03-13,carolinejesus@example.net
479798,Levi Silva,São José dos Campos,Conjunto Serra Verde,2024-10-26,mendoncabrenda@example.net
328638,Ana Laura Abreu,São José dos Campos,Pedreira Padro Lopes,2025-11-07,otto29@example.org
800660,Davi Lucca Pimenta,São José dos Campos,Olaria,2020-05-20,bguerra@example.com
39557,Gabriela Siqueira,São José dos Campos,Milionario,2019-03-20,duartesofia@example.org
4324,Isadora Câmara,São José dos Campos,Centro,2015-03-12,ana-livia21@example.com
320984,Benício Aparecida,São José dos Campos,Jardim Montanhês,2020-07-14,maria-alice89@example.net
931108,Catarina Fernandes,São José dos Campos,Mangabeiras,2018-09-18,wfogaca@example.org
950947,Allana da Conceição,São José dos Campos,Etelvina Carneiro,2016-10-23,otaviosiqueira@example.org
177193,Luiz Otávio Silva,São José dos Campos,Vila Da Luz,2021-06-26,garciathomas@example.net
622774,Cauê Rezende,São José dos Campos,Anchieta,2021-11-07,aragaoigor@example.com
129598,Isis Melo,São José dos Campos,Vila Maria,2019-11-20,noahsales@example.net
315743,Beatriz Ribeiro,São José dos Campos,São Damião,2021-12-06,joao-guilherme61@example.net
123453,Danilo Viana,São José dos Campos,Camargos,2022-11-27,mcosta@example.org
871889,Gabriela Fogaça,São José dos Campos,Vila Minaslandia,2023-07-22,kda-rocha@example.org
954578,Rodrigo Farias,São José dos Campos,Flavio Marques Lisboa,2021-01-10,albuquerquefelipe@example.org
701520,Clarice Borges,São José dos Campos,Vila São Rafael,2024-03-08,silveiraguilherme@example.com
478938,João Martins,São José dos Campos,Baleia,2022-01-31,cavalcantibruno@example.com
709641,Dr. Danilo Brito,São José dos Campos,Renascença,2018-12-17,albuquerquejoao-guilherme@example.net
344625,Dr. João Felipe Siqueira,São José dos Campos,Buraco Quente,2022-02-12,caroline21@example.com
478715,Matheus Sales,São José dos Campos,Renascença,2019-05-27,pleao@example.org
729987,Srta. Eduarda Caldeira,São José dos Campos,Nova Floresta,2016-03-29,rnunes@example.com
398197,Sr. Davi Lucca Mendes,São José dos Campos,Centro,2016-12-28,acamargo@example.com
274320,Luara Albuquerque,São José dos Campos,Vila Minaslandia,2015-07-03,camilamoreira@example.net
648270,Pedro Ribeiro,São José dos Campos,Vila Oeste,2022-07-27,maria-luisaferreira@example.net
403572,Benjamim Albuquerque,São José dos Campos,Vila Copasa,2022-06-09,mirellamelo@example.com
78501,Luna da Costa,São José dos Campos,Lindéia,2024-07-24,carlos-eduardo83@example.net
422866,Bruno Marques,São José dos Campos,Paraíso,2022-01-27,fborges@example.com
521533,Dra. Allana Caldeira,São José dos Campos,Nossa Senhora Da Conceição,2018-06-22,jandrade@example.net
95310,Liz Moraes,São José dos Campos,Serra Do Curral,2014-12-31,maria-alicefernandes@example.com
856255,Rafael Farias,São José dos Campos,Centro,2024-01-29,qsilva@example.com
119562,Henry Abreu,São José dos Campos,Manacas,2022-11-15,ana88@example.com
48001,Thales Carvalho,São José dos Campos,Estoril,2022-09-21,qcaldeira@example.net
126611,Helena Marques,São José dos Campos,Ouro Preto,2017-02-25,camilacaldeira@example.com
664000,Camila Vargas,São José dos Campos,Carlos Prates,2015-07-05,qmarques@example.net
141176,Alana Moura,São José dos Campos,Vila Paraíso,2025-07-07,novaesluana@example.net
533025,Erick Siqueira,São José dos Campos,Outro,2020-04-23,gustavo-henriquegomes@example.net
925573,Dr. Otto Pereira,São José dos Campos,Serra,2021-08-08,yangoncalves@example.com
474843,Davi Miguel Jesus,São José dos Campos,Vale Do Jatoba,2025-09-03,agatha58@example.net
219899,Lavínia Rodrigues,São José dos Campos,Centro,2017-05-22,joao28@example.net
338041,Srta. Maria Novais,São José dos Campos,Ribeiro De Abreu,2022-08-20,vrocha@example.net
888459,Alice Moreira,São José dos Campos,Camargos,2018-02-21,garciajoao-vitor@example.org
209612,Enrico da Paz,São José dos Campos,Vila Jardim Alvorada,2022-05-16,joao-vitor04@example.org
33875,Dr. Cauã Pimenta,São José dos Campos,Vila Jardim Montanhes,2023-04-15,heloisada-costa@example.net
837625,Sra. Ana Julia Garcia,São José dos Campos,Mirtes,2023-08-17,rviana@example.com
56415,José Costa,São José dos Campos,Vila Atila De Paiva,2025-08-15,ocamara@example.net
385604,Ísis Sousa,São José dos Campos,Vale Do Jatoba,2022-10-20,mathiasda-rocha@example.com
715819,Francisco Cavalcanti,São José dos Campos,Vila Paraíso,2016-12-12,garciabruno@example.com
277075,Enrico Pacheco,São José dos Campos,Gutierrez,2018-01-25,anthony57@example.net
41880,Lorenzo Peixoto,São José dos Campos,Barão Homem De Melo 1ª Seção,2025-04-23,mariane98@example.com
742057,Sr. Francisco Moreira,São José dos Campos,Bernadete,2015-10-19,kamillynogueira@example.net
366375,Heitor Ribeiro,São José dos Campos,Centro,2019-06-08,bianca54@example.org
648314,Olívia Novais,São José dos Campos,Novo Ouro Preto,2025-06-14,camargocecilia@example.com
673462,Isabelly Aparecida,São José dos Campos,Vila Jardim Alvorada,2017-08-22,giovanna16@example.com
296567,Valentim Vargas,São José dos Campos,Milionario,2020-12-09,cmendonca@example.com
201863,Sr. Calebe Cavalcante,São José dos Campos,Vila São Gabriel Jacui,2024-11-17,piresdavi-lucca@example.org
811159,Otávio Caldeira,São José dos Campos,Dom Silverio,2022-05-16,eramos@example.net
24906,Luísa Andrade,São José dos Campos,Bonsucesso,2022-07-18,aragaoluiz-henrique@example.com
602891,José Pedro Jesus,São José dos Campos,Mirtes,2021-02-19,zpires@example.com
408422,Bárbara Nascimento,São José dos Campos,Ademar Maldonado,2018-06-24,sacaleb@example.net
375075,Bianca da Rocha,São José dos Campos,Vila Sumaré,2024-04-30,erick47@example.com
692818,Renan Castro,São José dos Campos,São João Batista,2019-05-06,joao-gabrielsouza@example.com
890731,Laís Porto,São José dos Campos,Concórdia,2023-10-06,evelyn08@example.net
43802,Matteo Nascimento,São José dos Campos,Centro,2016-07-21,das-nevesotto@example.net
761200,Sr. Noah Ramos,São José dos Campos,Renascença,2023-02-26,lorenzocirino@example.org
265018,Danilo Cirino,São José dos Campos,Vila Havaí,2021-10-13,saisis@example.com
76697,Bernardo da Cunha,São José dos Campos,Caetano Furquim,2022-02-02,mariahfarias@example.com
687313,Carlos Eduardo da Paz,São José dos Campos,Vila Atila De Paiva,2016-05-29,correiaanna-liz@example.com
646281,Lorena Sales,São José dos Campos,Trevo,2019-12-15,emanuelladias@example.com
328429,Henry Silva,São José dos Campos,Vila Pilar,2016-11-07,xda-mota@example.org
347668,Nicole Machado,São José dos Campos,Maria Virgínia,2022-06-22,mariah81@example.org
85955,Davi Miguel Nascimento,São José dos Campos,Centro,2022-02-05,viniciussiqueira@example.net
79062,Thiago Pires,São José dos Campos,Ambrosina,2015-11-03,lvargas@example.org
578388,Yago Nogueira,São José dos Campos,Pongelupe,2024-12-19,emanuellygoncalves@example.org
618241,Sra. Catarina Martins,São José dos Campos,Centro,2024-10-20,goncalvesemanuella@example.net
250484,Eloah Sá,São José dos Campos,São Benedito,2015-02-11,maitecastro@example.org
593297,Clara Sousa,São José dos Campos,Vila Ouro Minas,2021-03-24,cfogaca@example.org
243007,João Freitas,São José dos Campos,Flavio De Oliveira,2023-05-17,riosnoah@example.net
378799,Olivia Marques,São José dos Campos,Centro,2024-12-25,aparecidaayla@example.org
546699,Kamilly Sousa,São José dos Campos,Havaí,2022-09-27,fernandarezende@example.com
685073,Valentim da Cunha,São José dos Campos,Minas Brasil,2019-01-06,pietraguerra@example.com
361792,Rafaela Pereira,São José dos Campos,Ademar Maldonado,2023-12-27,lunnacavalcante@example.org
674734,Heitor Cassiano,São José dos Campos,Coqueiros,2015-11-05,eloapereira@example.net
693223,Oliver Farias,São José dos Campos,Vila Nova Gameleira 2ª Seção,2023-12-26,mendesmaria-luiza@example.com
169078,Maria Sophia Almeida,São José dos Campos,Garças,2017-04-25,cardosolorenzo@example.org
41094,Clara Araújo,São José dos Campos,Conjunto Lagoa,2021-12-03,luiz-miguel86@example.net
668595,João Miguel Barros,São José dos Campos,Ernesto Nascimento,2025-08-29,epereira@example.com
870699,Cecília Vieira,São José dos Campos,Centro,2016-11-15,ninada-luz@example.org
359316,Ana Lívia da Conceição,São José dos Campos,Centro,2022-12-18,igomes@example.org
548102,Mariah Cassiano,São José dos Campos,Venda Nova,2015-03-07,cavalcantimaria-laura@example.net
920390,Sarah Sá,São José dos Campos,Candelaria,2021-08-06,mendesjose-pedro@example.net
1258,Marina Moreira,São José dos Campos,Nova Pampulha,2020-12-05,caio86@example.org
505543,Marcela Pastor,São José dos Campos,Vista Do Sol,2025-04-27,limajoao-felipe@example.com
243807,João Miguel Peixoto,São José dos Campos,Vila Paris,2020-03-31,mda-cunha@example.org
827769,Vicente Campos,São José dos Campos,São Damião,2022-10-19,garcianoah@example.net
428705,Sr. Eduardo Lima,São José dos Campos,Vila Da Luz,2023-11-05,vicente86@example.net
288946,Maria Laura Sá,São José dos Campos,Dom Joaquim,2019-01-08,ynovaes@example.net
388196,Rafaela da Cunha,São José dos Campos,João Alfredo,2020-04-21,isabella21@example.net
821149,Srta. Beatriz Cunha,São José dos Campos,Centro,2017-07-11,vviana@example.net
717817,Srta. Elisa Gomes,São José dos Campos,Vila Canto Do Sabiá,2021-10-02,borgesjoao-vitor@example.com
456526,Benício da Luz,São José dos Campos,Estrela Do Oriente,2025-03-08,emanuel90@example.net
420106,Stephany da Paz,São José dos Campos,Vila Nova Cachoeirinha 2ª Seção,2019-03-24,vasconcelosluiz-fernando@example.net
11230,Valentim da Paz,São José dos Campos,Delta,2020-06-08,viananina@example.net
645073,Arthur Miguel Fonseca,São José dos Campos,Frei Leopoldo,2022-09-06,castroerick@example.com
370281,Maria Laura Guerra,São José dos Campos,Túnel De Ibirité,2023-07-29,rafaelaalbuquerque@example.net
963827,Yan da Paz,São José dos Campos,Vila Novo São Lucas,2022-09-27,cecilia43@example.net
476849,Alana da Luz,São José dos Campos,Conjunto Providencia,2025-08-04,gmontenegro@example.net
308545,Sr. Théo da Cunha,São José dos Campos,Vila Paris,2015-10-17,luisa69@example.com
794268,Dr. Raul Pastor,São José dos Campos,Santa Efigênia,2023-06-20,mendesigor@example.com
664442,Ian Dias,São José dos Campos,Nova Cintra,2015-09-28,pietra80@example.net
260316,Caleb Guerra,São José dos Campos,Vila Independencia 1ª Seção,2024-02-25,dom82@example.com
229183,Juliana Cirino,São José dos Campos,Vila Primeiro De Maio,2018-06-14,melinasousa@example.org
253814,Gustavo da Conceição,São José dos Campos,Dom Cabral,2017-07-31,eduardacassiano@example.org
82300,Sabrina Pimenta,São José dos Campos,Centro,2016-04-25,teixeiravitoria@example.org
389227,Luara Monteiro,São José dos Campos,São Lucas,2024-04-29,mariane28@example.com
786609,Carolina Aragão,São José dos Campos,São Gabriel,2019-05-17,imendes@example.org
412842,Emanuella Marques,São José dos Campos,Capitão Eduardo,2020-07-10,sdias@example.org
220989,Beatriz Duarte,São José dos Campos,Marieta 1ª Seção,2015-02-16,marcelo84@example.org
642865,Dr. Francisco Monteiro,São José dos Campos,Novo Das Industrias,2017-12-17,larissasampaio@example.com
420051,Rael Cirino,São José dos Campos,Centro,2019-01-05,raulbrito@example.net
247259,Marina Garcia,São José dos Campos,Diamante,2017-12-19,kaiquemelo@example.org
523866,Valentim Nascimento,São José dos Campos,Vila Nova Gameleira 2ª Seção,2016-12-09,mariah44@example.net
50026,Beatriz Sales,São José dos Campos,Conjunto Jardim Filadélfia,2024-06-10,cunhathomas@example.com
100979,Lívia da Luz,São José dos Campos,Mariano De Abreu,2024-03-23,theo50@example.com
909501,Fernanda Oliveira,São José dos Campos,Taquaril,2016-05-01,alicefogaca@example.com
511174,Sra. Anna Liz Garcia,São José dos Campos,Vila Aeroporto Jaraguá,2022-05-27,maria-fernanda22@example.net
353777,Maria Luiza Barbosa,São José dos Campos,Boa Viagem,2023-11-19,carolineda-conceicao@example.com
305509,Sra. Maria Laura da Mata,São José dos Campos,Lourdes,2018-06-26,xvasconcelos@example.net
472161,Eloah Cirino,São José dos Campos,Barroca,2021-06-15,cardosoravy@example.net
780009,Dra. Anna Liz Costela,São José dos Campos,Conjunto Lagoa,2017-10-07,gcaldeira@example.org
496171,Ana Júlia Alves,São José dos Campos,Vila São Gabriel,2025-04-21,wmoura@example.org
648127,Bryan Rezende,São José dos Campos,Funcionários,2016-02-21,odas-neves@example.org
464687,Carolina Cardoso,São José dos Campos,São Gabriel,2023-02-10,benjaminandrade@example.net
959732,Dr. Ravi Lucca Nogueira,São José dos Campos,João Pinheiro,2018-12-03,agatha72@example.net
619531,Mirella Pires,São José dos Campos,Vila Puc,2020-12-05,omoura@example.net
953075,Dr. Vitor Hugo da Conceição,São José dos Campos,Vitoria,2020-11-13,macedoana-liz@example.com
163281,Anthony Abreu,São José dos Campos,São Francisco,2019-07-14,catarinada-paz@example.com
721179,Pietra da Rosa,São José dos Campos,Aeroporto,2020-11-19,mda-rocha@example.org
574842,Sr. Noah Novais,São José dos Campos,Olhos D'água,2023-10-06,kda-cruz@example.net
408654,Hellena da Luz,São José dos Campos,Boa Viagem,2023-02-08,ppires@example.net
954156,Júlia da Paz,São José dos Campos,Vila Da Ária,2023-05-29,julia31@example.org
115717,Mirella Pinto,São José dos Campos,Pedreira Padro Lopes,2016-07-01,mariane35@example.org
560957,Francisco Caldeira,São José dos Campos,Jaraguá,2016-09-02,jose70@example.org
15440,Helena Fernandes,São José dos Campos,Nova Pampulha,2015-12-28,melina57@example.net
346290,Diogo Araújo,São José dos Campos,Horto Florestal,2023-09-14,ibarbosa@example.com
939208,Mateus Albuquerque,São José dos Campos,Cardoso,2016-12-29,helenavargas@example.com
35138,Raul Sousa,São José dos Campos,Vila São Gabriel,2017-09-19,moreiraoliver@example.com
327270,Sr. Asafe Souza,São José dos Campos,Nova Granada,2019-04-12,da-cunhamaria-luisa@example.net
377934,Henrique Camargo,São José dos Campos,Flavio Marques Lisboa,2018-04-14,aduarte@example.org
613099,Miguel Vieira,São José dos Campos,Garças,2023-09-26,aparecidamaria-laura@example.net
389439,Josué Castro,São José dos Campos,Santa Margarida,2021-07-22,rodriguescamila@example.net
372787,Daniela Sampaio,São José dos Campos,São Jorge 1ª Seção,2015-08-29,cardosomariah@example.org
585472,Manuella Macedo,São José dos Campos,Vila Paquetá,2018-06-25,asafesales@example.com
141276,Asafe Mendonça,São José dos Campos,Centro,2018-12-09,snovais@example.net
198994,Ester Nogueira,São José dos Campos,Maravilha,2022-08-31,maria-helena49@example.net
556937,Rael da Rocha,São José dos Campos,Esplanada,2016-10-05,vitoria57@example.org
530535,Ester Almeida,São José dos Campos,Vila Atila De Paiva,2023-07-14,rhavi51@example.net
858835,Esther Moura,São José dos Campos,Vila Jardim Alvorada,2025-08-21,jvargas@example.org
338270,Luna Camargo,São José dos Campos,Cachoeirinha,2021-09-28,aparecidajose-pedro@example.org
211895,Ryan Correia,São José dos Campos,Centro,2024-08-09,andradehellena@example.net
654280,Dra. Jade Aragão,São José dos Campos,Marieta 3ª Seção,2020-05-21,diegoalbuquerque@example.org
973501,Ravi Lucca Porto,São José dos Campos,Beira Linha,2022-03-18,kamilly50@example.net
42627,Srta. Liz Barbosa,São José dos Campos,Ernesto Nascimento,2017-12-03,britoravi@example.net
202500,Isadora Nunes,São José dos Campos,Vila Batik,2019-03-28,kamillysouza@example.org
604570,Dr. Paulo Caldeira,São José dos Campos,Conjunto Lagoa,2023-06-05,isisguerra@example.net
165860,Melina Fogaça,São José dos Campos,São Pedro,2018-09-17,isis55@example.com
451504,Sra. Isabella Nunes,São José dos Campos,São Paulo,2023-05-28,fernandavargas@example.net
266431,Dr. Pietro Gonçalves,São José dos Campos,Aarão Reis,2025-03-09,da-pazarthur-gabriel@example.net
933572,André da Rosa,São José dos Campos,Centro,2016-06-25,paulodias@example.org
989171,Sra. Sophia Novais,São José dos Campos,Sport Club,2023-06-26,gabrielandrade@example.com
145131,Luiz Otávio Pacheco,São José dos Campos,Centro,2018-11-29,ravi-luccada-cunha@example.com
419218,Helena Siqueira,São José dos Campos,Boa União 2ª Seção,2016-01-04,maria-sophia27@example.net
859324,Kaique Andrade,São José dos Campos,Vila Ouro Minas,2022-09-24,xbarros@example.org
350632,Dr. Oliver Campos,São José dos Campos,Santa Rosa,2025-02-20,antonioporto@example.net
319588,Ana Cecília Dias,São José dos Campos,São Jorge 3ª Seção,2019-03-16,beatrizmontenegro@example.net
52973,Maria Júlia Machado,São José dos Campos,Vila Real 2ª Seção,2017-06-05,camaraluana@example.com
155202,Lucca Barros,São José dos Campos,Primeiro De Maio,2023-08-25,novaesisabelly@example.com
526199,Caroline Teixeira,São José dos Campos,Cidade Jardim Taquaril,2015-12-07,mnovais@example.com
599083,Vinicius da Cruz,São José dos Campos,Centro,2019-05-07,diegoda-mata@example.com
969029,Aurora Camargo,São José dos Campos,Vila Havaí,2018-07-22,xlima@example.com
361260,Amanda Vargas,São José dos Campos,Jatobá,2017-02-03,clarapimenta@example.com
461859,Igor Costa,São José dos Campos,Vila Jardim Leblon,2021-11-07,leonardo11@example.net
995036,Clara da Paz,São José dos Campos,Alpes,2015-08-07,henry47@example.com
219162,Dra. Hadassa Costela,São José dos Campos,São Paulo,2015-04-01,agatha79@example.net
728834,Dra. Allana Garcia,São José dos Campos,Tres Marias,2025-11-30,da-cunhaluigi@example.org
827524,Dra. Júlia Aragão,São José dos Campos,Piratininga,2018-02-14,azevedohellena@example.net
893473,Maria Cecília Caldeira,São José dos Campos,Alta Tensão 2ª Seção,2017-12-25,helena36@example.net
104442,Dr. Vitor Borges,São José dos Campos,Coqueiros,2025-09-28,melissamarques@example.net
22532,Josué Moura,São José dos Campos,Jatobá,2025-03-10,mariana62@example.org
369007,Dr. Isaac Montenegro,São José dos Campos,Itapoa,2018-10-24,pirestheo@example.com
854441,João Lucas Câmara,São José dos Campos,Conjunto Bonsucesso,2024-10-16,isabel21@example.net
710929,Heloísa Leão,São José dos Campos,Gameleira,2019-03-15,leticiadas-neves@example.net
568573,Gustavo Rezende,São José dos Campos,Cinquentenário,2018-08-15,joao-guilhermedas-neves@example.net
549249,Pedro Vargas,São José dos Campos,Cônego Pinheiro 1ª Seção,2022-10-03,anna-lizazevedo@example.net
754388,Francisco Dias,São José dos Campos,Aparecida,2020-11-10,bentoteixeira@example.com
434152,Liz Macedo,São José dos Campos,Vila Piratininga Venda Nova,2024-09-05,kevin31@example.org
799484,Juliana Pereira,São José dos Campos,Solar Do Barreiro,2017-01-11,ravida-conceicao@example.net
83336,Sra. Catarina Montenegro,São José dos Campos,Gutierrez,2015-04-14,psilva@example.com
406281,Olívia Carvalho,São José dos Campos,Conjunto Jardim Filadélfia,2017-01-08,raelandrade@example.com
15743,Noah Câmara,São José dos Campos,Vila Piratininga,2023-05-29,nicolasazevedo@example.org
460623,Rebeca Sales,São José dos Campos,Leonina,2025-03-13,bda-cruz@example.com
637460,Sra. Luara Gonçalves,São José dos Campos,Vila Aeroporto,2023-07-15,moreirahenrique@example.com
920405,Joaquim Moreira,São José dos Campos,São Jorge 2ª Seção,2020-01-09,csousa@example.net
802328,Ana Julia Correia,São José dos Campos,Jardim Felicidade,2019-04-05,tgoncalves@example.com
442983,Benjamim Sales,São José dos Campos,São Bernardo,2020-01-27,maria-fernandaramos@example.com
524977,Fernando Vasconcelos,São José dos Campos,Trevo,2015-12-29,isabeljesus@example.com
187567,Gabriela Marques,São José dos Campos,Braúnas,2019-12-16,ayla21@example.org
471228,Maria Cecília Barros,São José dos Campos,Centro,2016-04-02,ysiqueira@example.net
167666,Maria Helena Aparecida,São José dos Campos,Vila São Francisco,2021-09-24,brunanunes@example.net
169999,Felipe Vargas,São José dos Campos,Vila Nova Cachoeirinha 2ª Seção,2024-06-27,leaoana-liz@example.com
467935,Fernando Campos,São José dos Campos,São Luiz,2023-01-11,nathanabreu@example.net
12800,Sara Monteiro,São José dos Campos,São Marcos,2023-06-02,pereiramarina@example.org
691505,Mirella Jesus,São José dos Campos,Paquetá,2017-05-20,peixotoanthony-gabriel@example.org
291622,Giovanna Aragão,São José dos Campos,Copacabana,2024-09-13,danielrezende@example.com
895304,Kaique Farias,São José dos Campos,Centro,2015-05-27,aragaohenrique@example.com
169172,Larissa Pimenta,São José dos Campos,Vila Ecológica,2025-12-05,maria-alicesouza@example.net
37581,Kaique Duarte,São José dos Campos,Marilandia,2018-12-17,wazevedo@example.com
68079,Ravy Carvalho,São José dos Campos,Cardoso,2024-04-10,bella86@example.net
219205,Ana Laura Caldeira,São José dos Campos,Sport Club,2017-04-22,mendesalicia@example.com
331862,Vinicius Oliveira,São José dos Campos,Vila Barragem Santa Lúcia,2021-09-11,jose-pedro99@example.com
662550,Sabrina Cirino,São José dos Campos,São Bento,2020-09-18,amandacorreia@example.org
487467,Bárbara Sousa,São José dos Campos,Centro,2016-04-18,kamillyjesus@example.org
587638,Hadassa Albuquerque,São José dos Campos,Vila Cloris,2018-09-02,alexiada-cunha@example.org
531302,Luna Vargas,São José dos Campos,Ademar Maldonado,2018-05-20,rodriguesbrenda@example.com
596557,Ana Cavalcanti,São José dos Campos,Delta,2019-05-10,camila77@example.org
504884,Raul Nascimento,São José dos Campos,Luxemburgo,2022-02-06,maria-eduarda60@example.net
760180,Luara Novais,São José dos Campos,Centro,2018-04-16,costelabianca@example.com
156557,Arthur Fernandes,São José dos Campos,Minas Brasil,2015-09-23,heloisacirino@example.net
820347,Levi Santos,São José dos Campos,Centro,2016-04-13,da-matajulia@example.org
249185,Dr. Kevin Cunha,São José dos Campos,São Francisco Das Chagas,2020-06-19,luiz-fernando15@example.org
957720,Pedro Miguel Montenegro,São José dos Campos,Alto Dos Pinheiros,2023-07-22,jmontenegro@example.org
506957,Dra. Luana Vasconcelos,São José dos Campos,Leticia,2018-09-27,gael-henriquemoreira@example.net
215154,Srta. Natália Gomes,São José dos Campos,Vila Nova Cachoeirinha 3ª Seção,2025-12-01,abreuana-livia@example.org
623155,Lucas Gabriel Martins,São José dos Campos,Fernão Dias,2022-07-22,caldeiraraquel@example.net
23572,Luana Porto,São José dos Campos,Carlos Prates,2023-03-14,auroracosta@example.org
558131,Dr. Dante da Mata,São José dos Campos,Confisco,2018-02-24,yancamargo@example.org
586810,Bella Costela,São José dos Campos,São José,2025-07-16,isis54@example.org
843058,Joaquim Cavalcante,São José dos Campos,Biquinhas,2025-05-17,camila87@example.org
493602,Ana Julia Caldeira,São José dos Campos,Miramar,2016-06-05,borgesleticia@example.com
625078,Melissa Pimenta,São José dos Campos,Maria Tereza,2016-12-19,brenda38@example.org
792453,Caroline Borges,São José dos Campos,Zilah Sposito,2025-09-16,dbrito@example.com
744715,Olivia da Conceição,São José dos Campos,Etelvina Carneiro,2022-07-12,valentimfonseca@example.com
961821,Luísa Viana,São José dos Campos,Belvedere,2017-01-05,maria70@example.org
368512,Nicole Cavalcante,São José dos Campos,Jaraguá,2020-03-23,jose-miguel81@example.com
835461,Luan Novais,São José dos Campos,Vila Da Ária,2023-12-28,vieiraana-julia@example.net
619221,Isabella Pinto,São José dos Campos,Garças,2020-01-26,maria-luisagomes@example.org
853452,Dra. Marina Viana,São José dos Campos,Olaria,2018-09-29,yasmin32@example.net
775282,Dra. Raquel Camargo,São José dos Campos,União,2022-05-13,jduarte@example.org
184731,Nathan Azevedo,São José dos Campos,Universo,2024-01-15,rodriguesgabrielly@example.com
692232,Caleb Cunha,São José dos Campos,Novo São Lucas,2020-06-08,alexandresa@example.org
474978,Lavínia Gomes,São José dos Campos,Vila Antena,2022-04-08,ncosta@example.net
314295,Liz Lopes,São José dos Campos,Vila Nova Gameleira 1ª Seção,2024-08-25,felipe90@example.net
423831,Juan Araújo,São José dos Campos,Mariquinhas,2025-11-06,abreuelisa@example.org
907730,Isaac Lopes,São José dos Campos,Centro,2024-06-21,upires@example.net
400099,Ísis Cunha,São José dos Campos,Centro,2019-03-18,maria-lauracarvalho@example.org
884293,Dr. Eduardo da Paz,São José dos Campos,Santa Tereza,2021-02-08,joao-felipealbuquerque@example.org
150990,Sra. Maya Carvalho,São José dos Campos,Bonfim,2022-02-17,kamillymarques@example.net
446383,Emilly Marques,São José dos Campos,Santa Terezinha,2021-08-24,cnovaes@example.com
194816,Alana Oliveira,São José dos Campos,Santa Margarida,2018-11-27,melissada-mata@example.com
604349,Sr. Arthur Miguel Nunes,São José dos Campos,Salgado Filho,2025-03-10,henry-gabriel97@example.net
765654,Dra. Lara Martins,São José dos Campos,São Bernardo,2015-11-17,moreirafelipe@example.org
777714,Ana Vitória Rodrigues,São José dos Campos,Vila Califórnia,2020-03-12,caue58@example.org
537566,Luísa Leão,São José dos Campos,Maria Goretti,2020-02-26,amanda20@example.net
785829,José Pedro Araújo,São José dos Campos,Vila Boa Vista,2025-02-24,kpacheco@example.net
305925,Dra. Amanda da Paz,São José dos Campos,Santa Amelia,2015-07-26,cardosomirella@example.org
291345,Davi Lucca Pimenta,São José dos Campos,Jaqueline,2024-05-13,theo01@example.net
620515,Srta. Melissa Freitas,São José dos Campos,Vitoria Da Conquista,2016-12-01,vicenteviana@example.net
189592,Ana Beatriz Fernandes,São José dos Campos,Bonfim,2017-08-06,leandromonteiro@example.com
249505,Maysa Silveira,São José dos Campos,Vila Cemig,2023-06-22,ottooliveira@example.net
56964,Julia Sá,São José dos Campos,Esplanada,2024-04-04,aragaolucas-gabriel@example.com
316006,Yasmin da Conceição,São José dos Campos,Minaslandia,2019-05-21,qmelo@example.org
455851,João Pedro Machado,São José dos Campos,Mineirão,2020-10-31,sofia01@example.net
885249,Júlia Farias,São José dos Campos,Indaiá,2022-01-04,gael-henrique49@example.com
708094,Srta. Evelyn Moreira,São José dos Campos,Centro,2020-01-26,luiz-miguel58@example.org
872089,Anthony Gabriel Jesus,São José dos Campos,Caetano Furquim,2022-05-26,rodriguesmaite@example.com
297058,Gael Andrade,São José dos Campos,Alto Dos Pinheiros,2017-05-30,araujopedro-henrique@example.net
742470,Caio Pereira,São José dos Campos,Cenaculo,2022-01-06,wribeiro@example.net
193743,Francisco da Cunha,São José dos Campos,Jardim Guanabara,2021-03-23,eribeiro@example.net
289809,Luna da Cunha,São José dos Campos,Conjunto Floramar,2019-12-26,da-motadavi@example.com
62976,João Cavalcanti,São José dos Campos,Pantanal,2019-04-10,mendoncamurilo@example.net
676838,Bianca Casa Grande,São José dos Campos,São Jorge 3ª Seção,2019-04-26,ncunha@example.net
463031,Sra. Bella Andrade,São José dos Campos,Boa Esperança,2016-03-01,oliveiratheodoro@example.com
521877,Alexandre Andrade,São José dos Campos,Vila Esplanada,2015-03-16,jda-mata@example.net
410339,Agatha Moraes,São José dos Campos,Vila Nova,2018-08-17,bmendes@example.com
818871,Vitor Hugo Câmara,São José dos Campos,Acaba Mundo,2024-04-13,xsales@example.com
561307,Dr. Kevin Guerra,São José dos Campos,Centro,2016-04-30,piresfernando@example.com
356581,Raul Teixeira,São José dos Campos,Centro,2020-11-17,nathan28@example.org
692829,Kaique Sampaio,São José dos Campos,Monsenhor Messias,2025-08-22,pireselisa@example.com
663529,Esther Carvalho,São José dos Campos,Aparecida 7ª Seção,2015-12-06,beniciosilveira@example.net
407652,Vitor Hugo Ramos,São José dos Campos,João Alfredo,2017-08-15,znascimento@example.com
17215,Lucca Araújo,São José dos Campos,Centro,2025-08-18,bryan61@example.org
699731,Natália Rocha,São José dos Campos,Santa Rosa,2023-11-16,ravi-luccabarbosa@example.org
512643,Allana Melo,São José dos Campos,Cidade Jardim,2023-02-02,da-cruzjose-pedro@example.org
52384,Calebe Marques,São José dos Campos,Vera Cruz,2016-11-22,davi-lucascaldeira@example.org
837995,Hellena Azevedo,São José dos Campos,Vista Do Sol,2020-06-19,leticiafernandes@example.net
339984,Yago Carvalho,São José dos Campos,Lajedo,2022-06-17,calebpastor@example.org
126610,Diego Sá,São José dos Campos,Nova Esperança,2018-09-09,esternovaes@example.org
970641,Ana Cecília Carvalho,São José dos Campos,Caiçara - Adelaide,2019-10-28,kvasconcelos@example.org
84643,André Cavalcanti,São José dos Campos,Centro,2024-09-03,santosalice@example.com
830724,Carolina Costela,São José dos Campos,Concórdia,2022-08-17,rebeca76@example.org
640195,Srta. Emilly Silva,São José dos Campos,Santa Margarida,2025-04-26,piresana-julia@example.com
584801,Gael Campos,São José dos Campos,São Gonçalo,2019-08-09,pintoeloa@example.net
486765,Giovanna da Mota,São José dos Campos,Barão Homem De Melo 2ª Seção,2020-07-31,henry-gabrielvieira@example.org
955760,Sara Cavalcanti,São José dos Campos,Conjunto Celso Machado,2022-07-15,aragaoemanuella@example.com
263592,Dr. Augusto Caldeira,São José dos Campos,Vila Pinho,2017-04-21,nascimentoluiz-gustavo@example.org
508623,Bruna Barbosa,São José dos Campos,Luxemburgo,2023-08-22,liviapastor@example.net
208405,Dra. Lunna da Conceição,São José dos Campos,Vila São Paulo,2018-08-01,duarterafael@example.org
432637,Marcos Vinicius Câmara,São José dos Campos,Centro,2017-08-09,melomaria-vitoria@example.org
151981,Rafael Cavalcanti,São José dos Campos,Mirtes,2024-10-16,joao-gabriel73@example.net
282795,Lucas Gabriel Cardoso,São José dos Campos,Andiroba,2018-12-10,da-motajoao-gabriel@example.org
480854,Eloá Teixeira,São José dos Campos,Mangueiras,2024-05-13,ana-carolinapereira@example.org
668990,Eloá Oliveira,São José dos Campos,São Vicente,2023-09-07,erickjesus@example.net
226956,Olívia Martins,São José dos Campos,Itatiaia,2020-05-18,siqueiraliz@example.net
259870,Dr. Henry Pastor,São José dos Campos,Confisco,2024-08-06,leaocaio@example.org
769105,Ana Beatriz Lima,São José dos Campos,São Gonçalo,2025-11-25,zmendes@example.net
474419,Isabella Barros,São José dos Campos,Saudade,2024-01-12,salesjoana@example.org
310158,Caleb Almeida,São José dos Campos,Ribeiro De Abreu,2016-06-16,lorenzo79@example.net
476935,Cecilia Santos,São José dos Campos,Nossa Senhora De Fátima,2021-06-02,esterpires@example.com
1429,Ana Sophia Gomes,São José dos Campos,Carmo,2022-09-28,sofia04@example.com
731963,Ágatha Oliveira,São José dos Campos,Vila Trinta E Um De Março,2023-04-13,enricopinto@example.com
57474,Maria Clara Aragão,São José dos Campos,Camponesa 1ª Seção,2023-02-03,dfonseca@example.net
384232,Bernardo Novais,São José dos Campos,Vila Nova Cachoeirinha 1ª Seção,2015-06-13,joao-guilhermefarias@example.org
680566,Giovanna Sá,São José dos Campos,Vila Piratininga Venda Nova,2020-12-07,aurorafogaca@example.com
443473,Benjamim Azevedo,São José dos Campos,Marmiteiros,2020-07-15,marcela78@example.net
493002,Dra. Yasmin da Rocha,São José dos Campos,Pedreira Padro Lopes,2024-02-15,davi-lucca37@example.org
941564,João Pedro Barbosa,São José dos Campos,Campo Alegre,2015-11-18,yuricamargo@example.net
157808,Vicente Pires,São José dos Campos,Alto Das Antenas,2016-08-16,lara82@example.com
465420,Dra. Alícia da Rocha,São José dos Campos,Corumbiara,2018-10-24,almeidaravi@example.net
431690,Manuela Rezende,São José dos Campos,Vila Coqueiral,2022-02-02,maria-vitoria98@example.net
318853,Caroline Vieira,São José dos Campos,Jatobá,2019-11-24,vicenteda-conceicao@example.com
302143,Diogo Fogaça,São José dos Campos,Jardim Alvorada,2019-02-02,ncavalcante@example.org
299102,Erick Santos,São José dos Campos,Vila Madre Gertrudes 3ª Seção,2022-10-30,lorenzoda-costa@example.org
332006,Carolina Macedo,São José dos Campos,Guaratã,2015-06-14,leo38@example.net
332339,Sr. Marcelo Machado,São José dos Campos,São Jorge 3ª Seção,2015-05-19,sophieda-rosa@example.org
424214,Clara Marques,São José dos Campos,Coração Eucarístico,2025-02-14,leonardo08@example.net
739719,Renan da Rocha,São José dos Campos,Vila Rica,2018-08-23,luisafernandes@example.net
502248,Davi Miguel Rocha,São José dos Campos,São Tomaz,2016-03-26,das-nevesbenicio@example.com
231069,Maria Alice Borges,São José dos Campos,Leticia,2021-10-16,pereiramathias@example.net
819234,Gael Henrique Almeida,São José dos Campos,Bom Jesus,2020-10-15,qrocha@example.org
413583,Samuel Dias,São José dos Campos,Vale Do Jatoba,2025-09-24,rioseloah@example.com
895278,Maria Eduarda Gomes,São José dos Campos,Marmiteiros,2016-08-16,da-pazcatarina@example.com
467220,Aurora Cunha,São José dos Campos,Vila Oeste,2018-05-21,asousa@example.com
844809,Sra. Maria Vitória Carvalho,São José dos Campos,Floresta,2018-03-04,casa-grandeoliver@example.com
909666,Lívia Azevedo,São José dos Campos,Cruzeiro,2020-03-20,aborges@example.com
286606,Emanuella Novais,São José dos Campos,Pindura Saia,2022-01-09,murilocirino@example.com
514416,Kevin Pacheco,São José dos Campos,Centro,2018-03-08,marina87@example.org
2565,João da Rosa,São José dos Campos,Vila Cloris,2015-04-17,pcampos@example.net
437420,Samuel Sales,São José dos Campos,Vila Coqueiral,2024-10-25,benjamincampos@example.com
69966,Maria Cecília Pacheco,São José dos Campos,Rio Branco,2020-06-03,oda-luz@example.net
727968,Marcelo Moraes,São José dos Campos,Vila Paquetá,2020-03-26,da-luzluan@example.net
335209,Catarina Fogaça,São José dos Campos,Conjunto Jardim Filadélfia,2015-08-23,da-mataeloah@example.com
373276,João Vitor da Rocha,São José dos Campos,São Gonçalo,2021-12-30,moraesmathias@example.net
99099,Eloah Nogueira,São José dos Campos,Laranjeiras,2017-01-05,ana-julia45@example.org
368710,Anthony Gabriel Carvalho,São José dos Campos,São Cristóvão,2020-11-16,esther76@example.com
170948,Henrique Cassiano,São José dos Campos,Santa Rita,2025-02-16,marcos-viniciusvieira@example.net
871803,Yasmin Silva,São José dos Campos,São Tomaz,2021-09-29,leaomaria-clara@example.org
137606,Rhavi Ferreira,São José dos Campos,Jonas Veiga,2016-04-12,joao-lucas79@example.net
358660,Kevin Alves,São José dos Campos,Vila Piratininga Venda Nova,2023-05-26,camarajose-miguel@example.net
237580,Davi Lucas Costela,São José dos Campos,Cenaculo,2016-07-24,limahenry-gabriel@example.org
507778,Ana Cecília Costa,São José dos Campos,Campo Alegre,2015-03-16,vieiraolivia@example.net
124698,Augusto Azevedo,São José dos Campos,Jardim Vitoria,2015-08-26,sagael@example.org
215378,Gabriela Cirino,São José dos Campos,Vila Havaí,2025-02-12,benjamin12@example.net
994880,Marcela Fogaça,São José dos Campos,Conjunto Floramar,2025-05-11,mirellanunes@example.org
606217,Vinícius Cunha,São José dos Campos,Vila Nova Dos Milionarios,2016-02-02,alexiacavalcante@example.net
760583,Heitor Montenegro,São José dos Campos,Renascença,2015-01-17,sfonseca@example.net
706242,Fernando Fogaça,São José dos Campos,Minaslandia,2017-01-12,gcunha@example.org
798395,Sr. Ravi Lucca Camargo,São José dos Campos,São Damião,2019-06-25,mayateixeira@example.com
584195,Srta. Antonella Duarte,São José dos Campos,Santa Helena,2022-10-01,gomesalice@example.com
327162,Melina Câmara,São José dos Campos,São Vicente,2021-08-08,bda-rocha@example.org
938218,Maria Eduarda Cavalcanti,São José dos Campos,Alípio De Melo,2024-06-03,grocha@example.com
690537,Antonella Campos,São José dos Campos,Concórdia,2019-10-26,sguerra@example.net
777447,Benício Fonseca,São José dos Campos,Distrito Industrial Do Jatoba,2025-10-01,murilo96@example.org
445334,Sra. Lara Teixeira,São José dos Campos,Vila Nova Cachoeirinha 3ª Seção,2017-07-23,isabelly57@example.net
424089,Sophia da Mota,São José dos Campos,Cônego Pinheiro 2ª Seção,2021-08-19,hcaldeira@example.com
242034,Catarina Alves,São José dos Campos,Caetano Furquim,2020-05-19,azevedomelina@example.net
187795,Lunna Cassiano,São José dos Campos,Jardinópolis,2015-04-17,teixeiraeduardo@example.net
804857,Nina Costa,São José dos Campos,Jardim Guanabara,2023-04-07,gmendonca@example.com
848802,Ísis Almeida,São José dos Campos,Vila Santo Antônio Barroquinha,2020-12-18,lopesisaac@example.com
894303,Melina Marques,São José dos Campos,Aparecida 7ª Seção,2019-12-13,cavalcantiana-julia@example.net
451601,Leonardo Silva,São José dos Campos,Monsenhor Messias,2016-10-20,hteixeira@example.net
692142,Ágatha Oliveira,São José dos Campos,Pompéia,2022-06-04,knovais@example.net
276185,Maria Flor Pimenta,São José dos Campos,Vila Independencia 3ª Seção,2015-08-11,alice50@example.org
134425,Dr. Apollo Teixeira,São José dos Campos,Carlos Prates,2021-06-29,gabrielly16@example.com
431939,Sr. Joaquim da Cruz,São José dos Campos,Flavio Marques Lisboa,2025-11-28,enzo-gabriel14@example.org
20669,Lunna Andrade,São José dos Campos,Pindorama,2018-09-17,gnunes@example.com
729765,Alícia Dias,São José dos Campos,Minas Caixa,2017-12-06,kduarte@example.org
104917,Dra. Gabrielly Fernandes,São José dos Campos,Santa Isabel,2023-11-21,lucas-gabriel94@example.com
211559,Ana Vitória Nascimento,São José dos Campos,Centro,2025-08-30,aliciada-luz@example.org
601380,Heloisa Pinto,São José dos Campos,Vila Piratininga,2018-04-08,silvagabriel@example.net
70537,Vitória Melo,São José dos Campos,Novo Glória,2018-09-14,ceciliavieira@example.org
316509,Letícia Lopes,São José dos Campos,Vila Engenho Nogueira,2022-03-01,murilo66@example.com
475244,Emilly Almeida,São José dos Campos,Vila Betânia,2021-11-15,melinacunha@example.net
778261,Juliana Porto,São José dos Campos,São João,2025-07-31,ununes@example.net
210394,Dr. Diogo da Costa,São José dos Campos,Conjunto Bonsucesso,2015-08-28,luara65@example.org
887060,Juliana da Paz,São José dos Campos,Vila Coqueiral,2021-12-21,theorodrigues@example.net
250067,Dom Correia,São José dos Campos,Álvaro Camargos,2017-08-05,ana-luizamartins@example.com
457318,Ana Carolina Costa,São José dos Campos,Centro,2021-02-26,yagocarvalho@example.org
842570,Yan Cavalcanti,São José dos Campos,Vila Copasa,2017-11-03,silveiramaria-vitoria@example.org
940054,Levi Pereira,São José dos Campos,Jardim Montanhês,2015-08-10,jesusemanuella@example.net
94693,Cecilia da Costa,São José dos Campos,Camponesa 2ª Seção,2022-03-25,moreirasabrina@example.com
94632,Davi Vargas,São José dos Campos,Vitoria Da Conquista,2020-06-16,bella96@example.net
980942,Helena Casa Grande,São José dos Campos,Camargos,2023-03-08,pauloda-mota@example.com
904816,Ana Laura Mendonça,São José dos Campos,São João Batista,2019-06-28,henry-gabriel58@example.com
258313,Diogo Fonseca,São José dos Campos,Primeiro De Maio,2020-03-21,ana-liz09@example.org
694391,Isaque da Cunha,São José dos Campos,São Tomaz,2024-04-03,odas-neves@example.net
851706,Camila Nascimento,São José dos Campos,Santa Monica,2018-12-27,luisagomes@example.org
412064,Kevin Borges,São José dos Campos,Nova Granada,2025-01-02,ana-ceciliacostela@example.org
662021,Dr. Arthur Gabriel da Mota,São José dos Campos,Santa Monica,2025-01-27,vasconcelosmariane@example.com
971502,Dr. Carlos Eduardo Castro,São José dos Campos,Vila Mangueiras,2023-02-08,natalia15@example.com
852941,Lunna Marques,São José dos Campos,Vila Madre Gertrudes 4ª Seção,2021-08-15,teixeiracaua@example.net
660766,Catarina Abreu,São José dos Campos,Nossa Senhora Da Aparecida,2022-01-20,ana-lauradias@example.net
165488,Valentim Silva,São José dos Campos,Vila São Francisco,2015-11-26,julianavieira@example.com
915937,Srta. Joana Cavalcanti,São José dos Campos,Vila Jardim São José,2019-12-19,alexia31@example.com
412608,Heloisa Almeida,São José dos Campos,Alto Das Antenas,2019-01-16,felipemartins@example.org
893209,Benicio Guerra,São José dos Campos,Vila Antena Montanhês,2017-11-16,qpeixoto@example.org
385792,Dante Albuquerque,São José dos Campos,Vila Nova Gameleira 1ª Seção,2015-12-23,dvargas@example.net
235388,Srta. Esther Viana,São José dos Campos,Horto Florestal,2020-06-07,maya62@example.com
629232,João Miguel Siqueira,São José dos Campos,Vila Independencia 3ª Seção,2024-06-01,larissacirino@example.com
30170,João da Costa,São José dos Campos,Vila Antena Montanhês,2023-09-19,xda-cruz@example.net
480419,Anthony Melo,São José dos Campos,Chácara Leonina,2022-07-11,isabella36@example.net
626205,Brayan Brito,São José dos Campos,Saudade,2019-08-27,aragaobrenda@example.org
371512,Ana Clara Abreu,São José dos Campos,Centro,2020-03-06,mirella96@example.com
703869,Sr. Asafe Pacheco,São José dos Campos,Centro,2025-10-01,vicentecavalcante@example.net
355652,Caroline Borges,São José dos Campos,Lagoinha,2020-06-02,qcasa-grande@example.org
134082,Lara Souza,São José dos Campos,Mariano De Abreu,2018-06-11,qda-paz@example.net
971733,Valentim Dias,São José dos Campos,Olhos D'água,2024-02-15,ana-vitoriasousa@example.com
158612,Maysa Aragão,São José dos Campos,Corumbiara,2023-05-26,caueda-conceicao@example.org
272864,Ravi Lucca Lopes,São José dos Campos,Canadá,2015-05-24,caparecida@example.com
588098,Natália Monteiro,São José dos Campos,Centro,2025-11-16,silveirajuan@example.org
213630,Fernando Cavalcante,São José dos Campos,Vila Puc,2018-11-04,otavio90@example.net
189340,Ana Vitória da Cruz,São José dos Campos,Vila São Francisco,2023-06-08,grocha@example.com
714407,Camila Gonçalves,São José dos Campos,Milionario,2015-04-14,duarteleandro@example.org
871051,Dra. Pietra Marques,São José dos Campos,Vila Betânia,2015-11-21,anthony50@example.net
475111,Sr. Heitor Aragão,São José dos Campos,Vista Alegre,2021-11-04,ayla01@example.net
399917,Murilo da Cunha,São José dos Campos,Centro,2025-06-20,rhavivargas@example.com
893749,Enrico Gomes,São José dos Campos,Vila São Rafael,2015-12-24,pda-paz@example.net
313048,Marina Sousa,São José dos Campos,Vitoria,2016-09-10,joao51@example.com
513406,Maria Julia Melo,São José dos Campos,Inconfidência,2020-08-20,wborges@example.com
643687,Pedro Henrique Pires,São José dos Campos,Novo Glória,2023-12-02,aparecidaolivia@example.com
709298,Eduardo Monteiro,São José dos Campos,São Gabriel,2025-09-14,da-rochamaria-helena@example.com
840480,Letícia Cassiano,São José dos Campos,Cdi Jatoba,2015-11-14,theo86@example.com
577759,Augusto Moraes,São José dos Campos,Campo Alegre,2021-04-02,gjesus@example.com
596092,Luiz Gustavo da Cunha,São José dos Campos,Trevo,2022-04-08,vargasmilena@example.org
693715,Emanuelly Viana,São José dos Campos,Centro,2016-04-01,isabelaparecida@example.org
738594,Levi Pastor,São José dos Campos,Vila Nova Paraíso,2019-07-30,qsa@example.com
277950,Sr. Heitor Cirino,São José dos Campos,Boa Viagem,2021-11-10,heitor68@example.org
122346,Enzo Gabriel Rezende,São José dos Campos,Providencia,2015-01-23,zsales@example.net
631124,Sra. Liz Pinto,São José dos Campos,Zilah Sposito,2025-08-15,isabela41@example.org
200070,Antony Sampaio,São José dos Campos,Corumbiara,2016-06-25,costelamaria-luisa@example.net
253524,Zoe Correia,São José dos Campos,Bonsucesso,2016-08-05,maria-fernanda27@example.com
174174,Pedro Miguel Mendonça,São José dos Campos,Pongelupe,2015-03-28,machadoryan@example.org
869742,Ana Júlia Farias,São José dos Campos,Aeroporto,2018-03-29,piresluana@example.com
772882,Lavínia Andrade,São José dos Campos,Centro,2024-05-01,fguerra@example.net
641199,Raquel da Conceição,São José dos Campos,Vila Nova Cachoeirinha 3ª Seção,2021-07-01,mouraarthur-miguel@example.com
580130,João Felipe Ramos,São José dos Campos,Nova Floresta,2021-05-03,fcamargo@example.net
363608,Maya Almeida,São José dos Campos,Conjunto Floramar,2025-04-29,matheus75@example.com
230374,Maitê Pereira,São José dos Campos,Barro Preto,2017-07-20,scardoso@example.net
437110,Maria Cecília Vieira,São José dos Campos,Pongelupe,2022-10-28,oliverda-paz@example.net
699459,Caroline Cavalcanti,São José dos Campos,Dom Bosco,2023-03-29,marianebrito@example.com
517708,Isaac Costela,São José dos Campos,Saudade,2025-05-16,almeidaelisa@example.com
166309,Theodoro Andrade,São José dos Campos,Vitoria Da Conquista,2018-12-04,fernandeslorena@example.org
126550,Heloisa Mendonça,São José dos Campos,Guarani,2021-10-16,daniela08@example.com
894863,Dra. Bella Santos,São José dos Campos,Baleia,2024-11-09,wmarques@example.org
819621,Bella Novais,São José dos Campos,Araguaia,2025-09-20,cavalcanteisaac@example.org
164660,Sra. Melina Teixeira,São José dos Campos,Santa Sofia,2025-01-07,gsiqueira@example.org
350861,Davi Costa,São José dos Campos,Ouro Minas,2022-02-12,xvargas@example.org
848450,Manuela da Paz,São José dos Campos,Santa Rita De Cássia,2017-09-11,enzo-gabrielda-mata@example.com
435168,Sr. Dom Sá,São José dos Campos,Vila Real 2ª Seção,2022-11-12,oviana@example.org
433491,Natália Moreira,São José dos Campos,Vila Trinta E Um De Março,2023-10-26,bento72@example.org
542479,Bryan Fernandes,São José dos Campos,Lagoa,2022-11-22,kvargas@example.com
796070,Dom Oliveira,São José dos Campos,Barreiro,2015-09-03,larissa68@example.com
328933,Sr. João Lucas Moura,São José dos Campos,Vera Cruz,2022-12-08,isismachado@example.net
570871,Melina Sampaio,São José dos Campos,Mantiqueira,2017-04-03,mvasconcelos@example.com
563539,Dr. Davi Lucas Moreira,São José dos Campos,São Jorge 3ª Seção,2015-12-04,paulo18@example.net
357259,Eduarda Almeida,São José dos Campos,Álvaro Camargos,2018-06-07,rodrigo46@example.net
62857,Dr. Thiago Fogaça,São José dos Campos,Casa Branca,2016-03-18,sajosue@example.com
772652,Rafael Fernandes,São José dos Campos,Flavio Marques Lisboa,2018-04-11,clarada-rosa@example.com
854672,Dra. Cecilia Silva,São José dos Campos,Minas Caixa,2022-05-02,gustavo-henriqueduarte@example.net
862813,Dr. Carlos Eduardo Casa Grande,São José dos Campos,Centro,2021-05-27,fjesus@example.org
931669,Renan Cunha,São José dos Campos,Parque São José,2015-09-06,freitassara@example.com
544153,Julia Pacheco,São José dos Campos,Santa Margarida,2021-06-20,smacedo@example.com
437174,Diego Montenegro,São José dos Campos,Cdi Jatoba,2023-01-18,dsilva@example.org
538113,Bárbara Sales,São José dos Campos,Engenho Nogueira,2025-08-24,cmelo@example.net
586181,Sr. Nicolas Camargo,São José dos Campos,Capitão Eduardo,2016-09-21,amanda08@example.org
319736,Dr. Juan Mendonça,São José dos Campos,Álvaro Camargos,2016-04-17,joao-miguelviana@example.net
982327,João Miguel Cunha,São José dos Campos,Conjunto Taquaril,2019-08-21,habreu@example.net
912708,Oliver Mendes,São José dos Campos,Suzana,2018-10-31,marcela56@example.com
874180,Caroline Teixeira,São José dos Campos,Cinquentenário,2024-03-05,cteixeira@example.net
908429,Sra. Aurora Pinto,São José dos Campos,Vila Esplanada,2019-12-09,ogomes@example.com
48045,Melina Sousa,São José dos Campos,Itatiaia,2018-09-23,cavalcantebenicio@example.net
809076,Sra. Camila Ramos,São José dos Campos,Senhor Dos Passos,2021-12-05,correiavitoria@example.net
597944,Esther Sá,São José dos Campos,Primeiro De Maio,2023-05-02,campossophia@example.org
288319,Joaquim Santos,São José dos Campos,Aparecida,2025-08-01,zbarros@example.net
421315,Ana Clara Mendonça,São José dos Campos,Santa Efigênia,2021-09-03,fernandesluiza@example.org
901406,Luiza Garcia,São José dos Campos,Grotinha,2019-07-25,camargogael-henrique@example.net
151030,José Miguel Vargas,São José dos Campos,Brasil Industrial,2016-11-05,ana-lizjesus@example.net
644324,Sr. Apollo Silva,São José dos Campos,Barreiro,2016-11-09,heloisa15@example.org
339966,Marcos Vinicius Campos,São José dos Campos,Barão Homem De Melo 1ª Seção,2019-07-16,rhavisa@example.net
516926,Sofia Gomes,São José dos Campos,Canaa,2021-06-11,davi57@example.net
507690,Nicolas Porto,São José dos Campos,Centro,2019-06-23,arthur-miguelda-mata@example.net
707890,Josué Teixeira,São José dos Campos,Satelite,2025-08-06,ana-julianunes@example.com
887386,Sarah Costela,São José dos Campos,Vila Satélite,2019-11-26,evelynnogueira@example.org
563646,Milena Aparecida,São José dos Campos,Aarão Reis,2023-08-08,spinto@example.net
569,Rodrigo da Mata,São José dos Campos,Universo,2025-09-09,gabrielly53@example.net
294976,Enrico Sousa,São José dos Campos,São João Batista,2024-03-30,da-rosafelipe@example.com
870840,João Lucas Lopes,São José dos Campos,Embaúbas,2022-09-06,caroline47@example.com
337262,Sr. Raul Peixoto,São José dos Campos,Liberdade,2017-09-14,salesjoao-felipe@example.net
638359,Alana Albuquerque,São José dos Campos,Vila Independencia 1ª Seção,2025-02-21,julianovais@example.net
799502,Zoe Barros,São José dos Campos,Vila Suzana Primeira Seção,2022-09-25,nascimentobento@example.net
129410,Dr. Luiz Henrique Gomes,São José dos Campos,Conjunto Santa Maria,2019-11-23,camposmaria-eduarda@example.com
466173,Henry Souza,São José dos Campos,Alto Caiçaras,2025-04-18,elisa31@example.net
847684,Srta. Isabel Monteiro,São José dos Campos,Marieta 1ª Seção,2021-11-16,da-motamarina@example.net
219242,Gael Henrique Porto,São José dos Campos,Morro Dos Macacos,2022-10-10,da-motamelissa@example.com
203182,Emanuella Azevedo,São José dos Campos,Tupi A,2016-11-14,davi-luccacardoso@example.com
897034,Vicente Siqueira,São José dos Campos,Vila Satélite,2025-04-08,matheus08@example.net
587324,Agatha Lima,São José dos Campos,Vila Copacabana,2017-10-12,duarteluana@example.com
713213,Nina Monteiro,São José dos Campos,Marieta 1ª Seção,2018-01-05,silveirapietro@example.org
440467,Melissa Dias,São José dos Campos,Acaiaca,2018-01-20,vcorreia@example.org
846906,Henry Gabriel Sales,São José dos Campos,Novo Aarão Reis,2024-09-05,da-cruzmatteo@example.org
65896,Aylla Alves,São José dos Campos,Ribeiro De Abreu,2018-08-14,lalves@example.net
881336,Josué Caldeira,São José dos Campos,Pousada Santo Antonio,2025-04-14,carolinaaragao@example.com
248243,Pedro Lucas Teixeira,São José dos Campos,Cabana Do Pai Tomás,2020-09-18,hpacheco@example.org
961244,Marcos Vinicius Dias,São José dos Campos,Fernão Dias,2025-09-19,vianajose-miguel@example.org
463385,Kevin Pimenta,São José dos Campos,Vila Batik,2025-02-09,gazevedo@example.net
54738,Mateus Guerra,São José dos Campos,Cachoeirinha,2015-08-12,mda-conceicao@example.net
475436,Nicole Vieira,São José dos Campos,Novo Santa Cecilia,2021-11-11,fernandesbenjamim@example.com
616366,Cauê Caldeira,São José dos Campos,Centro,2020-09-08,peixotodavi-luiz@example.net
203019,Carolina Porto,São José dos Campos,Santa Terezinha,2023-09-06,daniela67@example.net
194954,Davi Miguel Aparecida,São José dos Campos,Beija Flor,2021-10-29,ana-liviapacheco@example.com
683362,Dr. Vitor Hugo Vasconcelos,São José dos Campos,Cônego Pinheiro 1ª Seção,2020-08-22,maria-isisdas-neves@example.net
386746,Valentim Pastor,São José dos Campos,Vila Do Pombal,2018-10-08,daniloda-costa@example.net
586625,Otávio Ferreira,São José dos Campos,Diamante,2024-01-04,nathanviana@example.org
700302,Nina Peixoto,São José dos Campos,Vila Madre Gertrudes 3ª Seção,2018-10-03,bruna94@example.com
109940,Ana Cecília Monteiro,São José dos Campos,Estrela,2018-08-12,portopietro@example.net
654227,Isaque Mendes,São José dos Campos,Vila Paraíso,2017-07-13,fernanda36@example.org
7052,Sr. Brayan Fogaça,São José dos Campos,Ambrosina,2024-02-01,casa-grandeamanda@example.com
614136,Sr. Arthur Costa,São José dos Campos,Centro,2017-02-19,alicecavalcanti@example.org
753754,Lucca Novaes,São José dos Campos,Glória,2024-09-26,matteoalmeida@example.org
954884,Antônio Rocha,São José dos Campos,Cinquentenário,2024-04-08,yrezende@example.org
220449,Rafael da Costa,São José dos Campos,Mariquinhas,2018-09-20,luigi89@example.com
68553,Diego Cardoso,São José dos Campos,Vila Trinta E Um De Março,2024-08-29,matheusnascimento@example.com
333396,Mariane Porto,São José dos Campos,Centro,2022-08-20,calebteixeira@example.net
895940,Laís Vieira,São José dos Campos,Confisco,2021-06-16,thales04@example.org
612454,Giovanna Siqueira,São José dos Campos,Boa Vista,2024-05-13,qvieira@example.net
533320,Sophia Freitas,São José dos Campos,Santa Margarida,2015-09-17,ucavalcanti@example.net
728246,Sabrina Melo,São José dos Campos,Inconfidência,2019-02-10,yporto@example.net
217264,Guilherme Machado,São José dos Campos,Santa Efigênia,2022-02-22,isabelacunha@example.com
395400,Eduarda Freitas,São José dos Campos,Grota,2019-09-03,carvalhoenzo-gabriel@example.com
368653,Asafe Martins,São José dos Campos,Santo André,2019-11-21,leticia77@example.com
843584,Luiza da Mata,São José dos Campos,Mineirão,2019-07-01,cavalcantiluisa@example.org
79574,Sr. Juan Montenegro,São José dos Campos,Centro,2017-12-02,vianayuri@example.org
74814,Sr. Yago Costa,São José dos Campos,Lorena,2016-01-30,bellada-cunha@example.com
805812,Kamilly Correia,São José dos Campos,Vila Nossa Senhora Do Rosário,2023-03-13,yasminda-luz@example.org
295536,Dr. Nathan Pacheco,São José dos Campos,Vila Santa Monica 1ª Seção,2023-06-21,meloolivia@example.org
238633,Gustavo Henrique Melo,São José dos Campos,Flavio De Oliveira,2024-07-08,dsilveira@example.com
328282,Paulo Vargas,São José dos Campos,Vila Mangueiras,2023-09-16,ccostela@example.com
31566,Sr. Davi Lucas das Neves,São José dos Campos,Vila Petropolis,2024-05-19,monteirodaniela@example.com
446399,Maria Luiza Teixeira,São José dos Campos,Vila São Paulo,2017-06-24,aylla90@example.net
966938,Eduardo Farias,São José dos Campos,Solar Do Barreiro,2023-08-21,ngarcia@example.com
405205,Renan Caldeira,São José dos Campos,Liberdade,2015-09-12,tporto@example.org
707668,Emanuelly Andrade,São José dos Campos,Padre Eustáquio,2016-11-18,lalves@example.org
404639,Gustavo da Conceição,São José dos Campos,Centro,2015-10-06,sabrina17@example.org
11583,Luan Jesus,São José dos Campos,Monte Azul,2019-01-20,henrycardoso@example.net
779241,Mathias Costela,São José dos Campos,Cenaculo,2019-08-08,ana-luizalopes@example.net
166494,Luana Pastor,São José dos Campos,Dom Cabral,2022-04-24,mda-mota@example.org
467383,Murilo Pereira,São José dos Campos,Centro,2025-11-25,sarafarias@example.net
482559,Ana Cecília Sousa,São José dos Campos,Braúnas,2024-09-01,maria-alice54@example.com
849330,Oliver da Cruz,São José dos Campos,Conjunto São Francisco De Assis,2021-09-28,ymarques@example.net
596236,Matteo Sampaio,São José dos Campos,Atila De Paiva,2017-01-06,levida-mota@example.net
699040,Henrique Monteiro,São José dos Campos,Nova Cachoeirinha,2020-11-29,freitaseduardo@example.org
